image_name,category,source,url
modern_001.jpg,modern,Pexels,https://images.pexels.com/photos/29247153/pexels-photo-29247153.jpeg?auto=compress&cs=tinysrgb&h=650&w=940
modern_002.jpg,modern,Pexels,https://images.pexels.com/photos/14537775/pexels-photo-14537775.jpeg?auto=compress&cs=tinysrgb&h=650&w=940
modern_003.jpg,modern,Pexels,https://images.pexels.com/photos/28446629/pexels-photo-28446629.jpeg?auto=compress&cs=tinysrgb&h=650&w=940
modern_004.jpg,modern,Pexels,https://images.pexels.com/photos/4067525/pexels-photo-4067525.jpeg?auto=compress&cs=tinysrgb&h=650&w=940
modern_005.jpg,modern,Pexels,https://images.pexels.com/photos/12049017/pexels-photo-12049017.jpeg?auto=compress&cs=tinysrgb&h=650&w=940
modern_006.jpg,modern,Pexels,https://images.pexels.com/photos/18207062/pexels-photo-18207062.jpeg?auto=compress&cs=tinysrgb&h=650&w=940
modern_007.jpg,modern,Pexels,https://images.pexels.com/photos/36977686/pexels-photo-36977686.jpeg?auto=compress&cs=tinysrgb&h=650&w=940
modern_008.jpg,modern,Pexels,https://images.pexels.com/photos/207675/pexels-photo-207675.jpeg?auto=compress&cs=tinysrgb&h=650&w=940
modern_009.jpg,modern,Pexels,https://images.pexels.com/photos/33217714/pexels-photo-33217714.jpeg?auto=compress&cs=tinysrgb&h=650&w=940
modern_010.jpg,modern,Pexels,https://images.pexels.com/photos/37345348/pexels-photo-37345348.jpeg?auto=compress&cs=tinysrgb&h=650&w=940
modern_011.jpg,modern,Pexels,https://images.pexels.com/photos/32231937/pexels-photo-32231937.jpeg?auto=compress&cs=tinysrgb&h=650&w=940
modern_012.jpg,modern,Pexels,https://images.pexels.com/photos/34595147/pexels-photo-34595147.jpeg?auto=compress&cs=tinysrgb&h=650&w=940
modern_013.jpg,modern,Pexels,https://images.pexels.com/photos/33320634/pexels-photo-33320634.jpeg?auto=compress&cs=tinysrgb&h=650&w=940
modern_014.jpg,modern,Pexels,https://images.pexels.com/photos/18207066/pexels-photo-18207066.jpeg?auto=compress&cs=tinysrgb&h=650&w=940
modern_015.jpg,modern,Pexels,https://images.pexels.com/photos/34670731/pexels-photo-34670731.jpeg?auto=compress&cs=tinysrgb&h=650&w=940
modern_016.jpg,modern,Pexels,https://images.pexels.com/photos/532573/pexels-photo-532573.jpeg?auto=compress&cs=tinysrgb&h=650&w=940
modern_017.jpg,modern,Pexels,https://images.pexels.com/photos/14708812/pexels-photo-14708812.jpeg?auto=compress&cs=tinysrgb&h=650&w=940
modern_018.jpg,modern,Pexels,https://images.pexels.com/photos/10841364/pexels-photo-10841364.jpeg?auto=compress&cs=tinysrgb&h=650&w=940
modern_019.jpg,modern,Pexels,https://images.pexels.com/photos/29819299/pexels-photo-29819299.jpeg?auto=compress&cs=tinysrgb&h=650&w=940
modern_020.jpg,modern,Pexels,https://images.pexels.com/photos/15457508/pexels-photo-15457508.jpeg?auto=compress&cs=tinysrgb&h=650&w=940
modern_021.jpg,modern,Pexels,https://images.pexels.com/photos/12312535/pexels-photo-12312535.jpeg?auto=compress&cs=tinysrgb&h=650&w=940
modern_022.jpg,modern,Pexels,https://images.pexels.com/photos/35191282/pexels-photo-35191282.jpeg?auto=compress&cs=tinysrgb&h=650&w=940
modern_023.jpg,modern,Pexels,https://images.pexels.com/photos/4067521/pexels-photo-4067521.jpeg?auto=compress&cs=tinysrgb&h=650&w=940
modern_024.jpg,modern,Pexels,https://images.pexels.com/photos/9301025/pexels-photo-9301025.jpeg?auto=compress&cs=tinysrgb&h=650&w=940
modern_025.jpg,modern,Pexels,https://images.pexels.com/photos/36374410/pexels-photo-36374410.jpeg?auto=compress&cs=tinysrgb&h=650&w=940
modern_026.jpg,modern,Pexels,https://images.pexels.com/photos/9321327/pexels-photo-9321327.jpeg?auto=compress&cs=tinysrgb&h=650&w=940
modern_027.jpg,modern,Pexels,https://images.pexels.com/photos/4460687/pexels-photo-4460687.jpeg?auto=compress&cs=tinysrgb&h=650&w=940
modern_028.jpg,modern,Pexels,https://images.pexels.com/photos/36578401/pexels-photo-36578401.jpeg?auto=compress&cs=tinysrgb&h=650&w=940
modern_029.jpg,modern,Pexels,https://images.pexels.com/photos/9458996/pexels-photo-9458996.jpeg?auto=compress&cs=tinysrgb&h=650&w=940
modern_030.jpg,modern,Pexels,https://images.pexels.com/photos/20053035/pexels-photo-20053035.jpeg?auto=compress&cs=tinysrgb&h=650&w=940
modern_031.jpg,modern,Pexels,https://images.pexels.com/photos/29895597/pexels-photo-29895597.jpeg?auto=compress&cs=tinysrgb&h=650&w=940
modern_032.jpg,modern,Pexels,https://images.pexels.com/photos/575895/pexels-photo-575895.jpeg?auto=compress&cs=tinysrgb&h=650&w=940
modern_033.jpg,modern,Pexels,https://images.pexels.com/photos/14085107/pexels-photo-14085107.jpeg?auto=compress&cs=tinysrgb&h=650&w=940
modern_034.jpg,modern,Pexels,https://images.pexels.com/photos/15261590/pexels-photo-15261590.jpeg?auto=compress&cs=tinysrgb&h=650&w=940
modern_035.jpg,modern,Pexels,https://images.pexels.com/photos/10194934/pexels-photo-10194934.jpeg?auto=compress&cs=tinysrgb&h=650&w=940
modern_036.jpg,modern,Pexels,https://images.pexels.com/photos/37098149/pexels-photo-37098149.jpeg?auto=compress&cs=tinysrgb&h=650&w=940
modern_037.jpg,modern,Pexels,https://images.pexels.com/photos/31993929/pexels-photo-31993929.jpeg?auto=compress&cs=tinysrgb&h=650&w=940
modern_038.jpg,modern,Pexels,https://images.pexels.com/photos/36297579/pexels-photo-36297579.jpeg?auto=compress&cs=tinysrgb&h=650&w=940
modern_039.jpg,modern,Pexels,https://images.pexels.com/photos/29168217/pexels-photo-29168217.jpeg?auto=compress&cs=tinysrgb&h=650&w=940
modern_040.jpg,modern,Pexels,https://images.pexels.com/photos/3709341/pexels-photo-3709341.jpeg?auto=compress&cs=tinysrgb&h=650&w=940
modern_041.jpg,modern,Pexels,https://images.pexels.com/photos/35803215/pexels-photo-35803215.jpeg?auto=compress&cs=tinysrgb&h=650&w=940
modern_042.jpg,modern,Pexels,https://images.pexels.com/photos/16113732/pexels-photo-16113732.jpeg?auto=compress&cs=tinysrgb&h=650&w=940
modern_043.jpg,modern,Pexels,https://images.pexels.com/photos/35319491/pexels-photo-35319491.jpeg?auto=compress&cs=tinysrgb&h=650&w=940
modern_044.jpg,modern,Pexels,https://images.pexels.com/photos/34725804/pexels-photo-34725804.jpeg?auto=compress&cs=tinysrgb&h=650&w=940
modern_045.jpg,modern,Pexels,https://images.pexels.com/photos/18207071/pexels-photo-18207071.jpeg?auto=compress&cs=tinysrgb&h=650&w=940
modern_046.jpg,modern,Pexels,https://images.pexels.com/photos/30262658/pexels-photo-30262658.png?auto=compress&cs=tinysrgb&h=650&w=940
modern_047.jpg,modern,Pexels,https://images.pexels.com/photos/35155780/pexels-photo-35155780.jpeg?auto=compress&cs=tinysrgb&h=650&w=940
modern_048.jpg,modern,Pexels,https://images.pexels.com/photos/31735050/pexels-photo-31735050.jpeg?auto=compress&cs=tinysrgb&h=650&w=940
modern_049.jpg,modern,Pexels,https://images.pexels.com/photos/9221382/pexels-photo-9221382.jpeg?auto=compress&cs=tinysrgb&h=650&w=940
modern_050.jpg,modern,Pexels,https://images.pexels.com/photos/17505118/pexels-photo-17505118.jpeg?auto=compress&cs=tinysrgb&h=650&w=940
modern_051.jpg,modern,Pexels,https://images.pexels.com/photos/35344869/pexels-photo-35344869.jpeg?auto=compress&cs=tinysrgb&h=650&w=940
modern_052.jpg,modern,Pexels,https://images.pexels.com/photos/12554152/pexels-photo-12554152.jpeg?auto=compress&cs=tinysrgb&h=650&w=940
modern_053.jpg,modern,Pexels,https://images.pexels.com/photos/35528879/pexels-photo-35528879.jpeg?auto=compress&cs=tinysrgb&h=650&w=940
modern_054.jpg,modern,Pexels,https://images.pexels.com/photos/13812522/pexels-photo-13812522.jpeg?auto=compress&cs=tinysrgb&h=650&w=940
modern_055.jpg,modern,Pexels,https://images.pexels.com/photos/14589851/pexels-photo-14589851.jpeg?auto=compress&cs=tinysrgb&h=650&w=940
modern_056.jpg,modern,Pexels,https://images.pexels.com/photos/9784166/pexels-photo-9784166.jpeg?auto=compress&cs=tinysrgb&h=650&w=940
modern_057.jpg,modern,Pexels,https://images.pexels.com/photos/30877085/pexels-photo-30877085.jpeg?auto=compress&cs=tinysrgb&h=650&w=940
modern_058.jpg,modern,Pexels,https://images.pexels.com/photos/18994377/pexels-photo-18994377.jpeg?auto=compress&cs=tinysrgb&h=650&w=940
modern_059.jpg,modern,Pexels,https://images.pexels.com/photos/19375433/pexels-photo-19375433.jpeg?auto=compress&cs=tinysrgb&h=650&w=940
modern_060.jpg,modern,Pexels,https://images.pexels.com/photos/33178685/pexels-photo-33178685.jpeg?auto=compress&cs=tinysrgb&h=650&w=940
modern_061.jpg,modern,Pexels,https://images.pexels.com/photos/18055564/pexels-photo-18055564.jpeg?auto=compress&cs=tinysrgb&h=650&w=940
modern_062.jpg,modern,Pexels,https://images.pexels.com/photos/18128929/pexels-photo-18128929.jpeg?auto=compress&cs=tinysrgb&h=650&w=940
modern_063.jpg,modern,Pexels,https://images.pexels.com/photos/30428863/pexels-photo-30428863.jpeg?auto=compress&cs=tinysrgb&h=650&w=940
modern_064.jpg,modern,Pexels,https://images.pexels.com/photos/20830229/pexels-photo-20830229.jpeg?auto=compress&cs=tinysrgb&h=650&w=940
modern_065.jpg,modern,Pexels,https://images.pexels.com/photos/36640787/pexels-photo-36640787.png?auto=compress&cs=tinysrgb&h=650&w=940
modern_066.jpg,modern,Pexels,https://images.pexels.com/photos/10143058/pexels-photo-10143058.jpeg?auto=compress&cs=tinysrgb&h=650&w=940
modern_067.jpg,modern,Pexels,https://images.pexels.com/photos/37225927/pexels-photo-37225927.jpeg?auto=compress&cs=tinysrgb&h=650&w=940
modern_068.jpg,modern,Pexels,https://images.pexels.com/photos/12811655/pexels-photo-12811655.jpeg?auto=compress&cs=tinysrgb&h=650&w=940
modern_069.jpg,modern,Pexels,https://images.pexels.com/photos/12955940/pexels-photo-12955940.jpeg?auto=compress&cs=tinysrgb&h=650&w=940
modern_070.jpg,modern,Pexels,https://images.pexels.com/photos/36479206/pexels-photo-36479206.jpeg?auto=compress&cs=tinysrgb&h=650&w=940
modern_071.jpg,modern,Pexels,https://images.pexels.com/photos/10964647/pexels-photo-10964647.jpeg?auto=compress&cs=tinysrgb&h=650&w=940
modern_072.jpg,modern,Pexels,https://images.pexels.com/photos/10586215/pexels-photo-10586215.jpeg?auto=compress&cs=tinysrgb&h=650&w=940
modern_073.jpg,modern,Pexels,https://images.pexels.com/photos/34613238/pexels-photo-34613238.jpeg?auto=compress&cs=tinysrgb&h=650&w=940
modern_074.jpg,modern,Pexels,https://images.pexels.com/photos/34117589/pexels-photo-34117589.jpeg?auto=compress&cs=tinysrgb&h=650&w=940
modern_075.jpg,modern,Pexels,https://images.pexels.com/photos/11690528/pexels-photo-11690528.jpeg?auto=compress&cs=tinysrgb&h=650&w=940
modern_076.jpg,modern,Pexels,https://images.pexels.com/photos/29819294/pexels-photo-29819294.jpeg?auto=compress&cs=tinysrgb&h=650&w=940
modern_077.jpg,modern,Pexels,https://images.pexels.com/photos/7808352/pexels-photo-7808352.jpeg?auto=compress&cs=tinysrgb&h=650&w=940
modern_078.jpg,modern,Pexels,https://images.pexels.com/photos/15425151/pexels-photo-15425151.jpeg?auto=compress&cs=tinysrgb&h=650&w=940
modern_079.jpg,modern,Pexels,https://images.pexels.com/photos/36941953/pexels-photo-36941953.jpeg?auto=compress&cs=tinysrgb&h=650&w=940
modern_080.jpg,modern,Pexels,https://images.pexels.com/photos/32275362/pexels-photo-32275362.jpeg?auto=compress&cs=tinysrgb&h=650&w=940
modern_081.jpg,modern,Pexels,https://images.pexels.com/photos/15425151/pexels-photo-15425151.jpeg?auto=compress&cs=tinysrgb&h=650&w=940
modern_082.jpg,modern,Pexels,https://images.pexels.com/photos/12029161/pexels-photo-12029161.jpeg?auto=compress&cs=tinysrgb&h=650&w=940
modern_083.jpg,modern,Pexels,https://images.pexels.com/photos/32275362/pexels-photo-32275362.jpeg?auto=compress&cs=tinysrgb&h=650&w=940
modern_084.jpg,modern,Pexels,https://images.pexels.com/photos/36139121/pexels-photo-36139121.jpeg?auto=compress&cs=tinysrgb&h=650&w=940
modern_085.jpg,modern,Pexels,https://images.pexels.com/photos/10298352/pexels-photo-10298352.jpeg?auto=compress&cs=tinysrgb&h=650&w=940
modern_086.jpg,modern,Pexels,https://images.pexels.com/photos/8581530/pexels-photo-8581530.jpeg?auto=compress&cs=tinysrgb&h=650&w=940
modern_087.jpg,modern,Pexels,https://images.pexels.com/photos/36941953/pexels-photo-36941953.jpeg?auto=compress&cs=tinysrgb&h=650&w=940
modern_088.jpg,modern,Pexels,https://images.pexels.com/photos/33324511/pexels-photo-33324511.jpeg?auto=compress&cs=tinysrgb&h=650&w=940
modern_089.jpg,modern,Pexels,https://images.pexels.com/photos/16404018/pexels-photo-16404018.jpeg?auto=compress&cs=tinysrgb&h=650&w=940
modern_090.jpg,modern,Pexels,https://images.pexels.com/photos/15364047/pexels-photo-15364047.jpeg?auto=compress&cs=tinysrgb&h=650&w=940
modern_091.jpg,modern,Pexels,https://images.pexels.com/photos/19862212/pexels-photo-19862212.jpeg?auto=compress&cs=tinysrgb&h=650&w=940
modern_092.jpg,modern,Pexels,https://images.pexels.com/photos/18968410/pexels-photo-18968410.jpeg?auto=compress&cs=tinysrgb&h=650&w=940
modern_093.jpg,modern,Pexels,https://images.pexels.com/photos/12811738/pexels-photo-12811738.jpeg?auto=compress&cs=tinysrgb&h=650&w=940
modern_094.jpg,modern,Pexels,https://images.pexels.com/photos/3813455/pexels-photo-3813455.jpeg?auto=compress&cs=tinysrgb&h=650&w=940
modern_095.jpg,modern,Pexels,https://images.pexels.com/photos/34567203/pexels-photo-34567203.jpeg?auto=compress&cs=tinysrgb&h=650&w=940
modern_096.jpg,modern,Pexels,https://images.pexels.com/photos/14196319/pexels-photo-14196319.jpeg?auto=compress&cs=tinysrgb&h=650&w=940
modern_097.jpg,modern,Pexels,https://images.pexels.com/photos/33535233/pexels-photo-33535233.jpeg?auto=compress&cs=tinysrgb&h=650&w=940
modern_098.jpg,modern,Pexels,https://images.pexels.com/photos/10988791/pexels-photo-10988791.jpeg?auto=compress&cs=tinysrgb&h=650&w=940
modern_099.jpg,modern,Pexels,https://images.pexels.com/photos/2313052/pexels-photo-2313052.jpeg?auto=compress&cs=tinysrgb&h=650&w=940
modern_100.jpg,modern,Pexels,https://images.pexels.com/photos/17208251/pexels-photo-17208251.jpeg?auto=compress&cs=tinysrgb&h=650&w=940
modern_101.jpg,modern,Pexels,https://images.pexels.com/photos/417279/pexels-photo-417279.jpeg?auto=compress&cs=tinysrgb&h=650&w=940
modern_102.jpg,modern,Pexels,https://images.pexels.com/photos/20587183/pexels-photo-20587183.jpeg?auto=compress&cs=tinysrgb&h=650&w=940
modern_103.jpg,modern,Pexels,https://images.pexels.com/photos/35142395/pexels-photo-35142395.jpeg?auto=compress&cs=tinysrgb&h=650&w=940
modern_104.jpg,modern,Pexels,https://images.pexels.com/photos/3709358/pexels-photo-3709358.jpeg?auto=compress&cs=tinysrgb&h=650&w=940
modern_105.jpg,modern,Pexels,https://images.pexels.com/photos/20126308/pexels-photo-20126308.jpeg?auto=compress&cs=tinysrgb&h=650&w=940
modern_106.jpg,modern,Pexels,https://images.pexels.com/photos/11579275/pexels-photo-11579275.jpeg?auto=compress&cs=tinysrgb&h=650&w=940
modern_107.jpg,modern,Pexels,https://images.pexels.com/photos/18825426/pexels-photo-18825426.jpeg?auto=compress&cs=tinysrgb&h=650&w=940
modern_108.jpg,modern,Pexels,https://images.pexels.com/photos/15446347/pexels-photo-15446347.jpeg?auto=compress&cs=tinysrgb&h=650&w=940
modern_109.jpg,modern,Pexels,https://images.pexels.com/photos/9958947/pexels-photo-9958947.jpeg?auto=compress&cs=tinysrgb&h=650&w=940
modern_110.jpg,modern,Pexels,https://images.pexels.com/photos/20665866/pexels-photo-20665866.jpeg?auto=compress&cs=tinysrgb&h=650&w=940
modern_111.jpg,modern,Pexels,https://images.pexels.com/photos/20622169/pexels-photo-20622169.jpeg?auto=compress&cs=tinysrgb&h=650&w=940
modern_112.jpg,modern,Pexels,https://images.pexels.com/photos/34906868/pexels-photo-34906868.jpeg?auto=compress&cs=tinysrgb&h=650&w=940
modern_113.jpg,modern,Pexels,https://images.pexels.com/photos/13671765/pexels-photo-13671765.jpeg?auto=compress&cs=tinysrgb&h=650&w=940
modern_114.jpg,modern,Pexels,https://images.pexels.com/photos/33357649/pexels-photo-33357649.jpeg?auto=compress&cs=tinysrgb&h=650&w=940
modern_115.jpg,modern,Pexels,https://images.pexels.com/photos/35142408/pexels-photo-35142408.jpeg?auto=compress&cs=tinysrgb&h=650&w=940
modern_116.jpg,modern,Pexels,https://images.pexels.com/photos/35143436/pexels-photo-35143436.jpeg?auto=compress&cs=tinysrgb&h=650&w=940
modern_117.jpg,modern,Pexels,https://images.pexels.com/photos/11916566/pexels-photo-11916566.jpeg?auto=compress&cs=tinysrgb&h=650&w=940
modern_118.jpg,modern,Pexels,https://images.pexels.com/photos/15741395/pexels-photo-15741395.jpeg?auto=compress&cs=tinysrgb&h=650&w=940
modern_119.jpg,modern,Pexels,https://images.pexels.com/photos/12283947/pexels-photo-12283947.jpeg?auto=compress&cs=tinysrgb&h=650&w=940
modern_120.jpg,modern,Pexels,https://images.pexels.com/photos/6915885/pexels-photo-6915885.jpeg?auto=compress&cs=tinysrgb&h=650&w=940
modern_121.jpg,modern,Pexels,https://images.pexels.com/photos/11379515/pexels-photo-11379515.jpeg?auto=compress&cs=tinysrgb&h=650&w=940
modern_122.jpg,modern,Pexels,https://images.pexels.com/photos/33477608/pexels-photo-33477608.jpeg?auto=compress&cs=tinysrgb&h=650&w=940
modern_123.jpg,modern,Pexels,https://images.pexels.com/photos/27025081/pexels-photo-27025081.jpeg?auto=compress&cs=tinysrgb&h=650&w=940
modern_124.jpg,modern,Pexels,https://images.pexels.com/photos/36006559/pexels-photo-36006559.png?auto=compress&cs=tinysrgb&h=650&w=940
modern_125.jpg,modern,Pexels,https://images.pexels.com/photos/31458378/pexels-photo-31458378.jpeg?auto=compress&cs=tinysrgb&h=650&w=940
modern_126.jpg,modern,Pexels,https://images.pexels.com/photos/4365945/pexels-photo-4365945.jpeg?auto=compress&cs=tinysrgb&h=650&w=940
modern_127.jpg,modern,Pexels,https://images.pexels.com/photos/34413547/pexels-photo-34413547.jpeg?auto=compress&cs=tinysrgb&h=650&w=940
modern_128.jpg,modern,Pexels,https://images.pexels.com/photos/15437274/pexels-photo-15437274.jpeg?auto=compress&cs=tinysrgb&h=650&w=940
modern_129.jpg,modern,Pexels,https://images.pexels.com/photos/33296769/pexels-photo-33296769.jpeg?auto=compress&cs=tinysrgb&h=650&w=940
modern_130.jpg,modern,Pexels,https://images.pexels.com/photos/15577446/pexels-photo-15577446.jpeg?auto=compress&cs=tinysrgb&h=650&w=940
modern_131.jpg,modern,Pexels,https://images.pexels.com/photos/13295692/pexels-photo-13295692.jpeg?auto=compress&cs=tinysrgb&h=650&w=940
modern_132.jpg,modern,Pexels,https://images.pexels.com/photos/33684482/pexels-photo-33684482.jpeg?auto=compress&cs=tinysrgb&h=650&w=940
modern_133.jpg,modern,Pexels,https://images.pexels.com/photos/33358011/pexels-photo-33358011.jpeg?auto=compress&cs=tinysrgb&h=650&w=940
modern_134.jpg,modern,Pexels,https://images.pexels.com/photos/19248667/pexels-photo-19248667.jpeg?auto=compress&cs=tinysrgb&h=650&w=940
modern_135.jpg,modern,Pexels,https://images.pexels.com/photos/10881102/pexels-photo-10881102.jpeg?auto=compress&cs=tinysrgb&h=650&w=940
modern_136.jpg,modern,Pexels,https://images.pexels.com/photos/26728198/pexels-photo-26728198.jpeg?auto=compress&cs=tinysrgb&h=650&w=940
modern_137.jpg,modern,Pexels,https://images.pexels.com/photos/20285238/pexels-photo-20285238.jpeg?auto=compress&cs=tinysrgb&h=650&w=940
modern_138.jpg,modern,Pexels,https://images.pexels.com/photos/20697911/pexels-photo-20697911.png?auto=compress&cs=tinysrgb&h=650&w=940
modern_139.jpg,modern,Pexels,https://images.pexels.com/photos/3709353/pexels-photo-3709353.jpeg?auto=compress&cs=tinysrgb&h=650&w=940
modern_140.jpg,modern,Pexels,https://images.pexels.com/photos/35142393/pexels-photo-35142393.jpeg?auto=compress&cs=tinysrgb&h=650&w=940
modern_141.jpg,modern,Pexels,https://images.pexels.com/photos/35758419/pexels-photo-35758419.jpeg?auto=compress&cs=tinysrgb&h=650&w=940
modern_142.jpg,modern,Pexels,https://images.pexels.com/photos/35143433/pexels-photo-35143433.jpeg?auto=compress&cs=tinysrgb&h=650&w=940
modern_143.jpg,modern,Pexels,https://images.pexels.com/photos/18757111/pexels-photo-18757111.jpeg?auto=compress&cs=tinysrgb&h=650&w=940
modern_144.jpg,modern,Pexels,https://images.pexels.com/photos/32348995/pexels-photo-32348995.jpeg?auto=compress&cs=tinysrgb&h=650&w=940
modern_145.jpg,modern,Pexels,https://images.pexels.com/photos/31656156/pexels-photo-31656156.jpeg?auto=compress&cs=tinysrgb&h=650&w=940
modern_146.jpg,modern,Pexels,https://images.pexels.com/photos/11103440/pexels-photo-11103440.jpeg?auto=compress&cs=tinysrgb&h=650&w=940
modern_147.jpg,modern,Pexels,https://images.pexels.com/photos/14828585/pexels-photo-14828585.jpeg?auto=compress&cs=tinysrgb&h=650&w=940
modern_148.jpg,modern,Pexels,https://images.pexels.com/photos/3709339/pexels-photo-3709339.jpeg?auto=compress&cs=tinysrgb&h=650&w=940
modern_149.jpg,modern,Pexels,https://images.pexels.com/photos/29248591/pexels-photo-29248591.jpeg?auto=compress&cs=tinysrgb&h=650&w=940
modern_150.jpg,modern,Pexels,https://images.pexels.com/photos/32162165/pexels-photo-32162165.jpeg?auto=compress&cs=tinysrgb&h=650&w=940
modern_151.jpg,modern,Pexels,https://images.pexels.com/photos/29936341/pexels-photo-29936341.jpeg?auto=compress&cs=tinysrgb&h=650&w=940
modern_152.jpg,modern,Pexels,https://images.pexels.com/photos/36716432/pexels-photo-36716432.jpeg?auto=compress&cs=tinysrgb&h=650&w=940
modern_153.jpg,modern,Pexels,https://images.pexels.com/photos/33317754/pexels-photo-33317754.jpeg?auto=compress&cs=tinysrgb&h=650&w=940
modern_154.jpg,modern,Pexels,https://images.pexels.com/photos/35406321/pexels-photo-35406321.jpeg?auto=compress&cs=tinysrgb&h=650&w=940
modern_155.jpg,modern,Pexels,https://images.pexels.com/photos/221503/pexels-photo-221503.jpeg?auto=compress&cs=tinysrgb&h=650&w=940
modern_156.jpg,modern,Pexels,https://images.pexels.com/photos/8825142/pexels-photo-8825142.jpeg?auto=compress&cs=tinysrgb&h=650&w=940
modern_157.jpg,modern,Pexels,https://images.pexels.com/photos/13927479/pexels-photo-13927479.jpeg?auto=compress&cs=tinysrgb&h=650&w=940
modern_158.jpg,modern,Pexels,https://images.pexels.com/photos/35984689/pexels-photo-35984689.jpeg?auto=compress&cs=tinysrgb&h=650&w=940
modern_159.jpg,modern,Pexels,https://images.pexels.com/photos/16863853/pexels-photo-16863853.jpeg?auto=compress&cs=tinysrgb&h=650&w=940
modern_160.jpg,modern,Pexels,https://images.pexels.com/photos/31100376/pexels-photo-31100376.jpeg?auto=compress&cs=tinysrgb&h=650&w=940
modern_161.jpg,modern,Pexels,https://images.pexels.com/photos/35142403/pexels-photo-35142403.jpeg?auto=compress&cs=tinysrgb&h=650&w=940
modern_162.jpg,modern,Pexels,https://images.pexels.com/photos/13734863/pexels-photo-13734863.jpeg?auto=compress&cs=tinysrgb&h=650&w=940
modern_163.jpg,modern,Pexels,https://images.pexels.com/photos/10958537/pexels-photo-10958537.jpeg?auto=compress&cs=tinysrgb&h=650&w=940
modern_164.jpg,modern,Pexels,https://images.pexels.com/photos/3645124/pexels-photo-3645124.jpeg?auto=compress&cs=tinysrgb&h=650&w=940
modern_165.jpg,modern,Pexels,https://images.pexels.com/photos/18145429/pexels-photo-18145429.jpeg?auto=compress&cs=tinysrgb&h=650&w=940
modern_166.jpg,modern,Pexels,https://images.pexels.com/photos/31583887/pexels-photo-31583887.jpeg?auto=compress&cs=tinysrgb&h=650&w=940
modern_167.jpg,modern,Pexels,https://images.pexels.com/photos/10595304/pexels-photo-10595304.jpeg?auto=compress&cs=tinysrgb&h=650&w=940
modern_168.jpg,modern,Pexels,https://images.pexels.com/photos/30021862/pexels-photo-30021862.jpeg?auto=compress&cs=tinysrgb&h=650&w=940
modern_169.jpg,modern,Pexels,https://images.pexels.com/photos/35066559/pexels-photo-35066559.jpeg?auto=compress&cs=tinysrgb&h=650&w=940
modern_170.jpg,modern,Pexels,https://images.pexels.com/photos/18207070/pexels-photo-18207070.jpeg?auto=compress&cs=tinysrgb&h=650&w=940
modern_171.jpg,modern,Pexels,https://images.pexels.com/photos/34917705/pexels-photo-34917705.png?auto=compress&cs=tinysrgb&h=650&w=940
modern_172.jpg,modern,Pexels,https://images.pexels.com/photos/11363634/pexels-photo-11363634.jpeg?auto=compress&cs=tinysrgb&h=650&w=940
modern_173.jpg,modern,Pexels,https://images.pexels.com/photos/5031214/pexels-photo-5031214.jpeg?auto=compress&cs=tinysrgb&h=650&w=940
modern_174.jpg,modern,Pexels,https://images.pexels.com/photos/36535550/pexels-photo-36535550.jpeg?auto=compress&cs=tinysrgb&h=650&w=940
modern_175.jpg,modern,Pexels,https://images.pexels.com/photos/9300991/pexels-photo-9300991.jpeg?auto=compress&cs=tinysrgb&h=650&w=940
modern_176.jpg,modern,Pexels,https://images.pexels.com/photos/17719719/pexels-photo-17719719.jpeg?auto=compress&cs=tinysrgb&h=650&w=940
modern_177.jpg,modern,Pexels,https://images.pexels.com/photos/27999552/pexels-photo-27999552.jpeg?auto=compress&cs=tinysrgb&h=650&w=940
modern_178.jpg,modern,Pexels,https://images.pexels.com/photos/14526255/pexels-photo-14526255.jpeg?auto=compress&cs=tinysrgb&h=650&w=940
modern_179.jpg,modern,Pexels,https://images.pexels.com/photos/11213240/pexels-photo-11213240.jpeg?auto=compress&cs=tinysrgb&h=650&w=940
modern_180.jpg,modern,Pexels,https://images.pexels.com/photos/12436859/pexels-photo-12436859.jpeg?auto=compress&cs=tinysrgb&h=650&w=940
modern_181.jpg,modern,Pexels,https://images.pexels.com/photos/9300995/pexels-photo-9300995.jpeg?auto=compress&cs=tinysrgb&h=650&w=940
modern_182.jpg,modern,Pexels,https://images.pexels.com/photos/23093009/pexels-photo-23093009.jpeg?auto=compress&cs=tinysrgb&h=650&w=940
modern_183.jpg,modern,Pexels,https://images.pexels.com/photos/27998783/pexels-photo-27998783.jpeg?auto=compress&cs=tinysrgb&h=650&w=940
modern_184.jpg,modern,Pexels,https://images.pexels.com/photos/162539/architecture-building-amsterdam-blue-sky-162539.jpeg?auto=compress&cs=tinysrgb&h=650&w=940
modern_185.jpg,modern,Pexels,https://images.pexels.com/photos/35142401/pexels-photo-35142401.jpeg?auto=compress&cs=tinysrgb&h=650&w=940
modern_186.jpg,modern,Pexels,https://images.pexels.com/photos/1106476/pexels-photo-1106476.jpeg?auto=compress&cs=tinysrgb&h=650&w=940
modern_187.jpg,modern,Pexels,https://images.pexels.com/photos/34667659/pexels-photo-34667659.jpeg?auto=compress&cs=tinysrgb&h=650&w=940
modern_188.jpg,modern,Pexels,https://images.pexels.com/photos/19280617/pexels-photo-19280617.jpeg?auto=compress&cs=tinysrgb&h=650&w=940
modern_189.jpg,modern,Pexels,https://images.pexels.com/photos/27825898/pexels-photo-27825898.jpeg?auto=compress&cs=tinysrgb&h=650&w=940
modern_190.jpg,modern,Pexels,https://images.pexels.com/photos/31332531/pexels-photo-31332531.jpeg?auto=compress&cs=tinysrgb&h=650&w=940
modern_191.jpg,modern,Pexels,https://images.pexels.com/photos/3685174/pexels-photo-3685174.jpeg?auto=compress&cs=tinysrgb&h=650&w=940
modern_192.jpg,modern,Pexels,https://images.pexels.com/photos/26558720/pexels-photo-26558720.jpeg?auto=compress&cs=tinysrgb&h=650&w=940
modern_193.jpg,modern,Pexels,https://images.pexels.com/photos/33902816/pexels-photo-33902816.jpeg?auto=compress&cs=tinysrgb&h=650&w=940
modern_194.jpg,modern,Pexels,https://images.pexels.com/photos/2705436/pexels-photo-2705436.jpeg?auto=compress&cs=tinysrgb&h=650&w=940
modern_195.jpg,modern,Pexels,https://images.pexels.com/photos/3874100/pexels-photo-3874100.jpeg?auto=compress&cs=tinysrgb&h=650&w=940
modern_196.jpg,modern,Pexels,https://images.pexels.com/photos/16093755/pexels-photo-16093755.jpeg?auto=compress&cs=tinysrgb&h=650&w=940
modern_197.jpg,modern,Pexels,https://images.pexels.com/photos/20372820/pexels-photo-20372820.jpeg?auto=compress&cs=tinysrgb&h=650&w=940
modern_198.jpg,modern,Pexels,https://images.pexels.com/photos/136419/pexels-photo-136419.jpeg?auto=compress&cs=tinysrgb&h=650&w=940
modern_199.jpg,modern,Pexels,https://images.pexels.com/photos/20240241/pexels-photo-20240241.jpeg?auto=compress&cs=tinysrgb&h=650&w=940
modern_200.jpg,modern,Pexels,https://images.pexels.com/photos/9962911/pexels-photo-9962911.jpeg?auto=compress&cs=tinysrgb&h=650&w=940
historical_001.jpg,historical,Pexels,https://images.pexels.com/photos/36864503/pexels-photo-36864503.jpeg?auto=compress&cs=tinysrgb&h=650&w=940
historical_002.jpg,historical,Pexels,https://images.pexels.com/photos/18253290/pexels-photo-18253290.jpeg?auto=compress&cs=tinysrgb&h=650&w=940
historical_003.jpg,historical,Pexels,https://images.pexels.com/photos/13286667/pexels-photo-13286667.jpeg?auto=compress&cs=tinysrgb&h=650&w=940
historical_004.jpg,historical,Pexels,https://images.pexels.com/photos/31878035/pexels-photo-31878035.jpeg?auto=compress&cs=tinysrgb&h=650&w=940
historical_005.jpg,historical,Pexels,https://images.pexels.com/photos/17864029/pexels-photo-17864029.jpeg?auto=compress&cs=tinysrgb&h=650&w=940
historical_006.jpg,historical,Pexels,https://images.pexels.com/photos/33563145/pexels-photo-33563145.jpeg?auto=compress&cs=tinysrgb&h=650&w=940
historical_007.jpg,historical,Pexels,https://images.pexels.com/photos/20368440/pexels-photo-20368440.jpeg?auto=compress&cs=tinysrgb&h=650&w=940
historical_008.jpg,historical,Pexels,https://images.pexels.com/photos/35427610/pexels-photo-35427610.jpeg?auto=compress&cs=tinysrgb&h=650&w=940
historical_009.jpg,historical,Pexels,https://images.pexels.com/photos/32553687/pexels-photo-32553687.jpeg?auto=compress&cs=tinysrgb&h=650&w=940
historical_010.jpg,historical,Pexels,https://images.pexels.com/photos/34874345/pexels-photo-34874345.jpeg?auto=compress&cs=tinysrgb&h=650&w=940
historical_011.jpg,historical,Pexels,https://images.pexels.com/photos/27561708/pexels-photo-27561708.jpeg?auto=compress&cs=tinysrgb&h=650&w=940
historical_012.jpg,historical,Pexels,https://images.pexels.com/photos/32610510/pexels-photo-32610510.jpeg?auto=compress&cs=tinysrgb&h=650&w=940
historical_013.jpg,historical,Pexels,https://images.pexels.com/photos/28775487/pexels-photo-28775487.jpeg?auto=compress&cs=tinysrgb&h=650&w=940
historical_014.jpg,historical,Pexels,https://images.pexels.com/photos/19685343/pexels-photo-19685343.jpeg?auto=compress&cs=tinysrgb&h=650&w=940
historical_015.jpg,historical,Pexels,https://images.pexels.com/photos/10505302/pexels-photo-10505302.jpeg?auto=compress&cs=tinysrgb&h=650&w=940
historical_016.jpg,historical,Pexels,https://images.pexels.com/photos/32610501/pexels-photo-32610501.jpeg?auto=compress&cs=tinysrgb&h=650&w=940
historical_017.jpg,historical,Pexels,https://images.pexels.com/photos/34677413/pexels-photo-34677413.jpeg?auto=compress&cs=tinysrgb&h=650&w=940
historical_018.jpg,historical,Pexels,https://images.pexels.com/photos/33339162/pexels-photo-33339162.jpeg?auto=compress&cs=tinysrgb&h=650&w=940
historical_019.jpg,historical,Pexels,https://images.pexels.com/photos/15244642/pexels-photo-15244642.jpeg?auto=compress&cs=tinysrgb&h=650&w=940
historical_020.jpg,historical,Pexels,https://images.pexels.com/photos/28976667/pexels-photo-28976667.jpeg?auto=compress&cs=tinysrgb&h=650&w=940
historical_021.jpg,historical,Pexels,https://images.pexels.com/photos/37280745/pexels-photo-37280745.jpeg?auto=compress&cs=tinysrgb&h=650&w=940
historical_022.jpg,historical,Pexels,https://images.pexels.com/photos/31997526/pexels-photo-31997526.jpeg?auto=compress&cs=tinysrgb&h=650&w=940
historical_023.jpg,historical,Pexels,https://images.pexels.com/photos/36852212/pexels-photo-36852212.jpeg?auto=compress&cs=tinysrgb&h=650&w=940
historical_024.jpg,historical,Pexels,https://images.pexels.com/photos/10505301/pexels-photo-10505301.jpeg?auto=compress&cs=tinysrgb&h=650&w=940
historical_025.jpg,historical,Pexels,https://images.pexels.com/photos/31686728/pexels-photo-31686728.jpeg?auto=compress&cs=tinysrgb&h=650&w=940
historical_026.jpg,historical,Pexels,https://images.pexels.com/photos/36252657/pexels-photo-36252657.jpeg?auto=compress&cs=tinysrgb&h=650&w=940
historical_027.jpg,historical,Pexels,https://images.pexels.com/photos/31704423/pexels-photo-31704423.jpeg?auto=compress&cs=tinysrgb&h=650&w=940
historical_028.jpg,historical,Pexels,https://images.pexels.com/photos/19828274/pexels-photo-19828274.jpeg?auto=compress&cs=tinysrgb&h=650&w=940
historical_029.jpg,historical,Pexels,https://images.pexels.com/photos/29247577/pexels-photo-29247577.jpeg?auto=compress&cs=tinysrgb&h=650&w=940
historical_030.jpg,historical,Pexels,https://images.pexels.com/photos/13304717/pexels-photo-13304717.jpeg?auto=compress&cs=tinysrgb&h=650&w=940
historical_031.jpg,historical,Pexels,https://images.pexels.com/photos/14554548/pexels-photo-14554548.jpeg?auto=compress&cs=tinysrgb&h=650&w=940
historical_032.jpg,historical,Pexels,https://images.pexels.com/photos/35985715/pexels-photo-35985715.jpeg?auto=compress&cs=tinysrgb&h=650&w=940
historical_033.jpg,historical,Pexels,https://images.pexels.com/photos/13651877/pexels-photo-13651877.jpeg?auto=compress&cs=tinysrgb&h=650&w=940
historical_034.jpg,historical,Pexels,https://images.pexels.com/photos/36934814/pexels-photo-36934814.jpeg?auto=compress&cs=tinysrgb&h=650&w=940
historical_035.jpg,historical,Pexels,https://images.pexels.com/photos/17263948/pexels-photo-17263948.jpeg?auto=compress&cs=tinysrgb&h=650&w=940
historical_036.jpg,historical,Pexels,https://images.pexels.com/photos/31699441/pexels-photo-31699441.jpeg?auto=compress&cs=tinysrgb&h=650&w=940
historical_037.jpg,historical,Pexels,https://images.pexels.com/photos/30377449/pexels-photo-30377449.jpeg?auto=compress&cs=tinysrgb&h=650&w=940
historical_038.jpg,historical,Pexels,https://images.pexels.com/photos/13878544/pexels-photo-13878544.jpeg?auto=compress&cs=tinysrgb&h=650&w=940
historical_039.jpg,historical,Pexels,https://images.pexels.com/photos/10785120/pexels-photo-10785120.jpeg?auto=compress&cs=tinysrgb&h=650&w=940
historical_040.jpg,historical,Pexels,https://images.pexels.com/photos/34276895/pexels-photo-34276895.jpeg?auto=compress&cs=tinysrgb&h=650&w=940
historical_041.jpg,historical,Pexels,https://images.pexels.com/photos/29405227/pexels-photo-29405227.jpeg?auto=compress&cs=tinysrgb&h=650&w=940
historical_042.jpg,historical,Pexels,https://images.pexels.com/photos/33298049/pexels-photo-33298049.jpeg?auto=compress&cs=tinysrgb&h=650&w=940
historical_043.jpg,historical,Pexels,https://images.pexels.com/photos/36428387/pexels-photo-36428387.jpeg?auto=compress&cs=tinysrgb&h=650&w=940
historical_044.jpg,historical,Pexels,https://images.pexels.com/photos/14893166/pexels-photo-14893166.jpeg?auto=compress&cs=tinysrgb&h=650&w=940
historical_045.jpg,historical,Pexels,https://images.pexels.com/photos/29695816/pexels-photo-29695816.jpeg?auto=compress&cs=tinysrgb&h=650&w=940
historical_046.jpg,historical,Pexels,https://images.pexels.com/photos/16920245/pexels-photo-16920245.jpeg?auto=compress&cs=tinysrgb&h=650&w=940
historical_047.jpg,historical,Pexels,https://images.pexels.com/photos/30075432/pexels-photo-30075432.jpeg?auto=compress&cs=tinysrgb&h=650&w=940
historical_048.jpg,historical,Pexels,https://images.pexels.com/photos/35109883/pexels-photo-35109883.jpeg?auto=compress&cs=tinysrgb&h=650&w=940
historical_049.jpg,historical,Pexels,https://images.pexels.com/photos/31699454/pexels-photo-31699454.jpeg?auto=compress&cs=tinysrgb&h=650&w=940
historical_050.jpg,historical,Pexels,https://images.pexels.com/photos/32255009/pexels-photo-32255009.jpeg?auto=compress&cs=tinysrgb&h=650&w=940
historical_051.jpg,historical,Pexels,https://images.pexels.com/photos/25466841/pexels-photo-25466841.jpeg?auto=compress&cs=tinysrgb&h=650&w=940
historical_052.jpg,historical,Pexels,https://images.pexels.com/photos/15540283/pexels-photo-15540283.jpeg?auto=compress&cs=tinysrgb&h=650&w=940
historical_053.jpg,historical,Pexels,https://images.pexels.com/photos/18611109/pexels-photo-18611109.jpeg?auto=compress&cs=tinysrgb&h=650&w=940
historical_054.jpg,historical,Pexels,https://images.pexels.com/photos/31308377/pexels-photo-31308377.jpeg?auto=compress&cs=tinysrgb&h=650&w=940
historical_055.jpg,historical,Pexels,https://images.pexels.com/photos/16920250/pexels-photo-16920250.jpeg?auto=compress&cs=tinysrgb&h=650&w=940
historical_056.jpg,historical,Pexels,https://images.pexels.com/photos/34735330/pexels-photo-34735330.jpeg?auto=compress&cs=tinysrgb&h=650&w=940
historical_057.jpg,historical,Pexels,https://images.pexels.com/photos/30755257/pexels-photo-30755257.jpeg?auto=compress&cs=tinysrgb&h=650&w=940
historical_058.jpg,historical,Pexels,https://images.pexels.com/photos/7806140/pexels-photo-7806140.jpeg?auto=compress&cs=tinysrgb&h=650&w=940
historical_059.jpg,historical,Pexels,https://images.pexels.com/photos/36631595/pexels-photo-36631595.jpeg?auto=compress&cs=tinysrgb&h=650&w=940
historical_060.jpg,historical,Pexels,https://images.pexels.com/photos/35930248/pexels-photo-35930248.jpeg?auto=compress&cs=tinysrgb&h=650&w=940
historical_061.jpg,historical,Pexels,https://images.pexels.com/photos/5640529/pexels-photo-5640529.jpeg?auto=compress&cs=tinysrgb&h=650&w=940
historical_062.jpg,historical,Pexels,https://images.pexels.com/photos/31591834/pexels-photo-31591834.jpeg?auto=compress&cs=tinysrgb&h=650&w=940
historical_063.jpg,historical,Pexels,https://images.pexels.com/photos/36864543/pexels-photo-36864543.jpeg?auto=compress&cs=tinysrgb&h=650&w=940
historical_064.jpg,historical,Pexels,https://images.pexels.com/photos/34568210/pexels-photo-34568210.jpeg?auto=compress&cs=tinysrgb&h=650&w=940
historical_065.jpg,historical,Pexels,https://images.pexels.com/photos/28982978/pexels-photo-28982978.jpeg?auto=compress&cs=tinysrgb&h=650&w=940
historical_066.jpg,historical,Pexels,https://images.pexels.com/photos/10785121/pexels-photo-10785121.jpeg?auto=compress&cs=tinysrgb&h=650&w=940
historical_067.jpg,historical,Pexels,https://images.pexels.com/photos/36232708/pexels-photo-36232708.jpeg?auto=compress&cs=tinysrgb&h=650&w=940
historical_068.jpg,historical,Pexels,https://images.pexels.com/photos/26974693/pexels-photo-26974693.jpeg?auto=compress&cs=tinysrgb&h=650&w=940
historical_069.jpg,historical,Pexels,https://images.pexels.com/photos/20784114/pexels-photo-20784114.jpeg?auto=compress&cs=tinysrgb&h=650&w=940
historical_070.jpg,historical,Pexels,https://images.pexels.com/photos/26939049/pexels-photo-26939049.jpeg?auto=compress&cs=tinysrgb&h=650&w=940
historical_071.jpg,historical,Pexels,https://images.pexels.com/photos/9289189/pexels-photo-9289189.jpeg?auto=compress&cs=tinysrgb&h=650&w=940
historical_072.jpg,historical,Pexels,https://images.pexels.com/photos/13155971/pexels-photo-13155971.jpeg?auto=compress&cs=tinysrgb&h=650&w=940
historical_073.jpg,historical,Pexels,https://images.pexels.com/photos/33099805/pexels-photo-33099805.jpeg?auto=compress&cs=tinysrgb&h=650&w=940
historical_074.jpg,historical,Pexels,https://images.pexels.com/photos/30466691/pexels-photo-30466691.jpeg?auto=compress&cs=tinysrgb&h=650&w=940
historical_075.jpg,historical,Pexels,https://images.pexels.com/photos/14349229/pexels-photo-14349229.jpeg?auto=compress&cs=tinysrgb&h=650&w=940
historical_076.jpg,historical,Pexels,https://images.pexels.com/photos/37345201/pexels-photo-37345201.jpeg?auto=compress&cs=tinysrgb&h=650&w=940
historical_077.jpg,historical,Pexels,https://images.pexels.com/photos/13155948/pexels-photo-13155948.jpeg?auto=compress&cs=tinysrgb&h=650&w=940
historical_078.jpg,historical,Pexels,https://images.pexels.com/photos/30459429/pexels-photo-30459429.jpeg?auto=compress&cs=tinysrgb&h=650&w=940
historical_079.jpg,historical,Pexels,https://images.pexels.com/photos/21973902/pexels-photo-21973902.jpeg?auto=compress&cs=tinysrgb&h=650&w=940
historical_080.jpg,historical,Pexels,https://images.pexels.com/photos/34128957/pexels-photo-34128957.jpeg?auto=compress&cs=tinysrgb&h=650&w=940
historical_081.jpg,historical,Pexels,https://images.pexels.com/photos/34691715/pexels-photo-34691715.jpeg?auto=compress&cs=tinysrgb&h=650&w=940
historical_082.jpg,historical,Pexels,https://images.pexels.com/photos/30649560/pexels-photo-30649560.jpeg?auto=compress&cs=tinysrgb&h=650&w=940
historical_083.jpg,historical,Pexels,https://images.pexels.com/photos/34884431/pexels-photo-34884431.jpeg?auto=compress&cs=tinysrgb&h=650&w=940
historical_084.jpg,historical,Pexels,https://images.pexels.com/photos/30459429/pexels-photo-30459429.jpeg?auto=compress&cs=tinysrgb&h=650&w=940
historical_085.jpg,historical,Pexels,https://images.pexels.com/photos/16228125/pexels-photo-16228125.jpeg?auto=compress&cs=tinysrgb&h=650&w=940
historical_086.jpg,historical,Pexels,https://images.pexels.com/photos/31458385/pexels-photo-31458385.jpeg?auto=compress&cs=tinysrgb&h=650&w=940
historical_087.jpg,historical,Pexels,https://images.pexels.com/photos/13024700/pexels-photo-13024700.jpeg?auto=compress&cs=tinysrgb&h=650&w=940
historical_088.jpg,historical,Pexels,https://images.pexels.com/photos/21973902/pexels-photo-21973902.jpeg?auto=compress&cs=tinysrgb&h=650&w=940
historical_089.jpg,historical,Pexels,https://images.pexels.com/photos/36945180/pexels-photo-36945180.jpeg?auto=compress&cs=tinysrgb&h=650&w=940
historical_090.jpg,historical,Pexels,https://images.pexels.com/photos/13255074/pexels-photo-13255074.jpeg?auto=compress&cs=tinysrgb&h=650&w=940
historical_091.jpg,historical,Pexels,https://images.pexels.com/photos/34128957/pexels-photo-34128957.jpeg?auto=compress&cs=tinysrgb&h=650&w=940
historical_092.jpg,historical,Pexels,https://images.pexels.com/photos/32971725/pexels-photo-32971725.jpeg?auto=compress&cs=tinysrgb&h=650&w=940
historical_093.jpg,historical,Pexels,https://images.pexels.com/photos/31531661/pexels-photo-31531661.jpeg?auto=compress&cs=tinysrgb&h=650&w=940
historical_094.jpg,historical,Pexels,https://images.pexels.com/photos/32256450/pexels-photo-32256450.jpeg?auto=compress&cs=tinysrgb&h=650&w=940
historical_095.jpg,historical,Pexels,https://images.pexels.com/photos/29344839/pexels-photo-29344839.jpeg?auto=compress&cs=tinysrgb&h=650&w=940
historical_096.jpg,historical,Pexels,https://images.pexels.com/photos/32255784/pexels-photo-32255784.jpeg?auto=compress&cs=tinysrgb&h=650&w=940
historical_097.jpg,historical,Pexels,https://images.pexels.com/photos/35627656/pexels-photo-35627656.jpeg?auto=compress&cs=tinysrgb&h=650&w=940
historical_098.jpg,historical,Pexels,https://images.pexels.com/photos/34840499/pexels-photo-34840499.png?auto=compress&cs=tinysrgb&h=650&w=940
historical_099.jpg,historical,Pexels,https://images.pexels.com/photos/29311492/pexels-photo-29311492.jpeg?auto=compress&cs=tinysrgb&h=650&w=940
historical_100.jpg,historical,Pexels,https://images.pexels.com/photos/18457315/pexels-photo-18457315.jpeg?auto=compress&cs=tinysrgb&h=650&w=940
historical_101.jpg,historical,Pexels,https://images.pexels.com/photos/33767571/pexels-photo-33767571.jpeg?auto=compress&cs=tinysrgb&h=650&w=940
historical_102.jpg,historical,Pexels,https://images.pexels.com/photos/13328479/pexels-photo-13328479.jpeg?auto=compress&cs=tinysrgb&h=650&w=940
historical_103.jpg,historical,Pexels,https://images.pexels.com/photos/12325934/pexels-photo-12325934.jpeg?auto=compress&cs=tinysrgb&h=650&w=940
historical_104.jpg,historical,Pexels,https://images.pexels.com/photos/30649698/pexels-photo-30649698.jpeg?auto=compress&cs=tinysrgb&h=650&w=940
historical_105.jpg,historical,Pexels,https://images.pexels.com/photos/28957807/pexels-photo-28957807.jpeg?auto=compress&cs=tinysrgb&h=650&w=940
historical_106.jpg,historical,Pexels,https://images.pexels.com/photos/32402651/pexels-photo-32402651.jpeg?auto=compress&cs=tinysrgb&h=650&w=940
historical_107.jpg,historical,Pexels,https://images.pexels.com/photos/29852810/pexels-photo-29852810.jpeg?auto=compress&cs=tinysrgb&h=650&w=940
historical_108.jpg,historical,Pexels,https://images.pexels.com/photos/33388547/pexels-photo-33388547.jpeg?auto=compress&cs=tinysrgb&h=650&w=940
historical_109.jpg,historical,Pexels,https://images.pexels.com/photos/27561704/pexels-photo-27561704.jpeg?auto=compress&cs=tinysrgb&h=650&w=940
historical_110.jpg,historical,Pexels,https://images.pexels.com/photos/35627652/pexels-photo-35627652.jpeg?auto=compress&cs=tinysrgb&h=650&w=940
historical_111.jpg,historical,Pexels,https://images.pexels.com/photos/28824623/pexels-photo-28824623.jpeg?auto=compress&cs=tinysrgb&h=650&w=940
historical_112.jpg,historical,Pexels,https://images.pexels.com/photos/31907179/pexels-photo-31907179.jpeg?auto=compress&cs=tinysrgb&h=650&w=940
historical_113.jpg,historical,Pexels,https://images.pexels.com/photos/33338969/pexels-photo-33338969.jpeg?auto=compress&cs=tinysrgb&h=650&w=940
historical_114.jpg,historical,Pexels,https://images.pexels.com/photos/17882032/pexels-photo-17882032.jpeg?auto=compress&cs=tinysrgb&h=650&w=940
historical_115.jpg,historical,Pexels,https://images.pexels.com/photos/36481821/pexels-photo-36481821.jpeg?auto=compress&cs=tinysrgb&h=650&w=940
historical_116.jpg,historical,Pexels,https://images.pexels.com/photos/34847694/pexels-photo-34847694.jpeg?auto=compress&cs=tinysrgb&h=650&w=940
historical_117.jpg,historical,Pexels,https://images.pexels.com/photos/11904516/pexels-photo-11904516.jpeg?auto=compress&cs=tinysrgb&h=650&w=940
historical_118.jpg,historical,Pexels,https://images.pexels.com/photos/36993643/pexels-photo-36993643.jpeg?auto=compress&cs=tinysrgb&h=650&w=940
historical_119.jpg,historical,Pexels,https://images.pexels.com/photos/35766214/pexels-photo-35766214.jpeg?auto=compress&cs=tinysrgb&h=650&w=940
historical_120.jpg,historical,Pexels,https://images.pexels.com/photos/13792978/pexels-photo-13792978.jpeg?auto=compress&cs=tinysrgb&h=650&w=940
historical_121.jpg,historical,Pexels,https://images.pexels.com/photos/36935119/pexels-photo-36935119.jpeg?auto=compress&cs=tinysrgb&h=650&w=940
historical_122.jpg,historical,Pexels,https://images.pexels.com/photos/15318832/pexels-photo-15318832.jpeg?auto=compress&cs=tinysrgb&h=650&w=940
historical_123.jpg,historical,Pexels,https://images.pexels.com/photos/28358299/pexels-photo-28358299.jpeg?auto=compress&cs=tinysrgb&h=650&w=940
historical_124.jpg,historical,Pexels,https://images.pexels.com/photos/27019430/pexels-photo-27019430.jpeg?auto=compress&cs=tinysrgb&h=650&w=940
historical_125.jpg,historical,Pexels,https://images.pexels.com/photos/36864590/pexels-photo-36864590.jpeg?auto=compress&cs=tinysrgb&h=650&w=940
historical_126.jpg,historical,Pexels,https://images.pexels.com/photos/28358293/pexels-photo-28358293.jpeg?auto=compress&cs=tinysrgb&h=650&w=940
historical_127.jpg,historical,Pexels,https://images.pexels.com/photos/16487554/pexels-photo-16487554.jpeg?auto=compress&cs=tinysrgb&h=650&w=940
historical_128.jpg,historical,Pexels,https://images.pexels.com/photos/34459411/pexels-photo-34459411.jpeg?auto=compress&cs=tinysrgb&h=650&w=940
historical_129.jpg,historical,Pexels,https://images.pexels.com/photos/27861359/pexels-photo-27861359.jpeg?auto=compress&cs=tinysrgb&h=650&w=940
historical_130.jpg,historical,Pexels,https://images.pexels.com/photos/18326893/pexels-photo-18326893.jpeg?auto=compress&cs=tinysrgb&h=650&w=940
historical_131.jpg,historical,Pexels,https://images.pexels.com/photos/30377328/pexels-photo-30377328.jpeg?auto=compress&cs=tinysrgb&h=650&w=940
historical_132.jpg,historical,Pexels,https://images.pexels.com/photos/26988666/pexels-photo-26988666.jpeg?auto=compress&cs=tinysrgb&h=650&w=940
historical_133.jpg,historical,Pexels,https://images.pexels.com/photos/20842018/pexels-photo-20842018.jpeg?auto=compress&cs=tinysrgb&h=650&w=940
historical_134.jpg,historical,Pexels,https://images.pexels.com/photos/15304084/pexels-photo-15304084.jpeg?auto=compress&cs=tinysrgb&h=650&w=940
historical_135.jpg,historical,Pexels,https://images.pexels.com/photos/13070664/pexels-photo-13070664.jpeg?auto=compress&cs=tinysrgb&h=650&w=940
historical_136.jpg,historical,Pexels,https://images.pexels.com/photos/35766206/pexels-photo-35766206.jpeg?auto=compress&cs=tinysrgb&h=650&w=940
historical_137.jpg,historical,Pexels,https://images.pexels.com/photos/13341222/pexels-photo-13341222.jpeg?auto=compress&cs=tinysrgb&h=650&w=940
historical_138.jpg,historical,Pexels,https://images.pexels.com/photos/33647866/pexels-photo-33647866.jpeg?auto=compress&cs=tinysrgb&h=650&w=940
historical_139.jpg,historical,Pexels,https://images.pexels.com/photos/5864390/pexels-photo-5864390.jpeg?auto=compress&cs=tinysrgb&h=650&w=940
historical_140.jpg,historical,Pexels,https://images.pexels.com/photos/36608064/pexels-photo-36608064.jpeg?auto=compress&cs=tinysrgb&h=650&w=940
historical_141.jpg,historical,Pexels,https://images.pexels.com/photos/18350813/pexels-photo-18350813.jpeg?auto=compress&cs=tinysrgb&h=650&w=940
historical_142.jpg,historical,Pexels,https://images.pexels.com/photos/13286666/pexels-photo-13286666.jpeg?auto=compress&cs=tinysrgb&h=650&w=940
historical_143.jpg,historical,Pexels,https://images.pexels.com/photos/37145432/pexels-photo-37145432.jpeg?auto=compress&cs=tinysrgb&h=650&w=940
historical_144.jpg,historical,Pexels,https://images.pexels.com/photos/15233539/pexels-photo-15233539.jpeg?auto=compress&cs=tinysrgb&h=650&w=940
historical_145.jpg,historical,Pexels,https://images.pexels.com/photos/28798489/pexels-photo-28798489.jpeg?auto=compress&cs=tinysrgb&h=650&w=940
historical_146.jpg,historical,Pexels,https://images.pexels.com/photos/11339364/pexels-photo-11339364.jpeg?auto=compress&cs=tinysrgb&h=650&w=940
historical_147.jpg,historical,Pexels,https://images.pexels.com/photos/35326192/pexels-photo-35326192.jpeg?auto=compress&cs=tinysrgb&h=650&w=940
historical_148.jpg,historical,Pexels,https://images.pexels.com/photos/37187723/pexels-photo-37187723.jpeg?auto=compress&cs=tinysrgb&h=650&w=940
historical_149.jpg,historical,Pexels,https://images.pexels.com/photos/28655146/pexels-photo-28655146.jpeg?auto=compress&cs=tinysrgb&h=650&w=940
historical_150.jpg,historical,Pexels,https://images.pexels.com/photos/30327527/pexels-photo-30327527.jpeg?auto=compress&cs=tinysrgb&h=650&w=940
historical_151.jpg,historical,Pexels,https://images.pexels.com/photos/20768265/pexels-photo-20768265.jpeg?auto=compress&cs=tinysrgb&h=650&w=940
historical_152.jpg,historical,Pexels,https://images.pexels.com/photos/16085252/pexels-photo-16085252.jpeg?auto=compress&cs=tinysrgb&h=650&w=940
historical_153.jpg,historical,Pexels,https://images.pexels.com/photos/35425592/pexels-photo-35425592.jpeg?auto=compress&cs=tinysrgb&h=650&w=940
historical_154.jpg,historical,Pexels,https://images.pexels.com/photos/13137599/pexels-photo-13137599.jpeg?auto=compress&cs=tinysrgb&h=650&w=940
historical_155.jpg,historical,Pexels,https://images.pexels.com/photos/8029266/pexels-photo-8029266.jpeg?auto=compress&cs=tinysrgb&h=650&w=940
historical_156.jpg,historical,Pexels,https://images.pexels.com/photos/36716198/pexels-photo-36716198.jpeg?auto=compress&cs=tinysrgb&h=650&w=940
historical_157.jpg,historical,Pexels,https://images.pexels.com/photos/27561710/pexels-photo-27561710.jpeg?auto=compress&cs=tinysrgb&h=650&w=940
historical_158.jpg,historical,Pexels,https://images.pexels.com/photos/36934788/pexels-photo-36934788.jpeg?auto=compress&cs=tinysrgb&h=650&w=940
historical_159.jpg,historical,Pexels,https://images.pexels.com/photos/32345296/pexels-photo-32345296.jpeg?auto=compress&cs=tinysrgb&h=650&w=940
historical_160.jpg,historical,Pexels,https://images.pexels.com/photos/36153801/pexels-photo-36153801.jpeg?auto=compress&cs=tinysrgb&h=650&w=940
historical_161.jpg,historical,Pexels,https://images.pexels.com/photos/37187723/pexels-photo-37187723.jpeg?auto=compress&cs=tinysrgb&h=650&w=940
historical_162.jpg,historical,Pexels,https://images.pexels.com/photos/16228133/pexels-photo-16228133.jpeg?auto=compress&cs=tinysrgb&h=650&w=940
historical_163.jpg,historical,Pexels,https://images.pexels.com/photos/27561711/pexels-photo-27561711.jpeg?auto=compress&cs=tinysrgb&h=650&w=940
historical_164.jpg,historical,Pexels,https://images.pexels.com/photos/20768265/pexels-photo-20768265.jpeg?auto=compress&cs=tinysrgb&h=650&w=940
historical_165.jpg,historical,Pexels,https://images.pexels.com/photos/35266936/pexels-photo-35266936.jpeg?auto=compress&cs=tinysrgb&h=650&w=940
historical_166.jpg,historical,Pexels,https://images.pexels.com/photos/35425592/pexels-photo-35425592.jpeg?auto=compress&cs=tinysrgb&h=650&w=940
historical_167.jpg,historical,Pexels,https://images.pexels.com/photos/13137599/pexels-photo-13137599.jpeg?auto=compress&cs=tinysrgb&h=650&w=940
historical_168.jpg,historical,Pexels,https://images.pexels.com/photos/35326192/pexels-photo-35326192.jpeg?auto=compress&cs=tinysrgb&h=650&w=940
historical_169.jpg,historical,Pexels,https://images.pexels.com/photos/34365039/pexels-photo-34365039.jpeg?auto=compress&cs=tinysrgb&h=650&w=940
historical_170.jpg,historical,Pexels,https://images.pexels.com/photos/20894651/pexels-photo-20894651.jpeg?auto=compress&cs=tinysrgb&h=650&w=940
historical_171.jpg,historical,Pexels,https://images.pexels.com/photos/28358286/pexels-photo-28358286.jpeg?auto=compress&cs=tinysrgb&h=650&w=940
historical_172.jpg,historical,Pexels,https://images.pexels.com/photos/11339364/pexels-photo-11339364.jpeg?auto=compress&cs=tinysrgb&h=650&w=940
historical_173.jpg,historical,Pexels,https://images.pexels.com/photos/13769637/pexels-photo-13769637.jpeg?auto=compress&cs=tinysrgb&h=650&w=940
historical_174.jpg,historical,Pexels,https://images.pexels.com/photos/36934788/pexels-photo-36934788.jpeg?auto=compress&cs=tinysrgb&h=650&w=940
historical_175.jpg,historical,Pexels,https://images.pexels.com/photos/33617699/pexels-photo-33617699.jpeg?auto=compress&cs=tinysrgb&h=650&w=940
historical_176.jpg,historical,Pexels,https://images.pexels.com/photos/28385596/pexels-photo-28385596.jpeg?auto=compress&cs=tinysrgb&h=650&w=940
historical_177.jpg,historical,Pexels,https://images.pexels.com/photos/37144296/pexels-photo-37144296.jpeg?auto=compress&cs=tinysrgb&h=650&w=940
historical_178.jpg,historical,Pexels,https://images.pexels.com/photos/34275940/pexels-photo-34275940.jpeg?auto=compress&cs=tinysrgb&h=650&w=940
historical_179.jpg,historical,Pexels,https://images.pexels.com/photos/14804519/pexels-photo-14804519.jpeg?auto=compress&cs=tinysrgb&h=650&w=940
historical_180.jpg,historical,Pexels,https://images.pexels.com/photos/35624265/pexels-photo-35624265.jpeg?auto=compress&cs=tinysrgb&h=650&w=940
historical_181.jpg,historical,Pexels,https://images.pexels.com/photos/33975575/pexels-photo-33975575.jpeg?auto=compress&cs=tinysrgb&h=650&w=940
historical_182.jpg,historical,Pexels,https://images.pexels.com/photos/15665207/pexels-photo-15665207.jpeg?auto=compress&cs=tinysrgb&h=650&w=940
historical_183.jpg,historical,Pexels,https://images.pexels.com/photos/32439593/pexels-photo-32439593.jpeg?auto=compress&cs=tinysrgb&h=650&w=940
historical_184.jpg,historical,Pexels,https://images.pexels.com/photos/28190167/pexels-photo-28190167.jpeg?auto=compress&cs=tinysrgb&h=650&w=940
historical_185.jpg,historical,Pexels,https://images.pexels.com/photos/36481820/pexels-photo-36481820.jpeg?auto=compress&cs=tinysrgb&h=650&w=940
historical_186.jpg,historical,Pexels,https://images.pexels.com/photos/13323814/pexels-photo-13323814.jpeg?auto=compress&cs=tinysrgb&h=650&w=940
historical_187.jpg,historical,Pexels,https://images.pexels.com/photos/7146542/pexels-photo-7146542.jpeg?auto=compress&cs=tinysrgb&h=650&w=940
historical_188.jpg,historical,Pexels,https://images.pexels.com/photos/34936353/pexels-photo-34936353.jpeg?auto=compress&cs=tinysrgb&h=650&w=940
historical_189.jpg,historical,Pexels,https://images.pexels.com/photos/36901636/pexels-photo-36901636.jpeg?auto=compress&cs=tinysrgb&h=650&w=940
historical_190.jpg,historical,Pexels,https://images.pexels.com/photos/29704459/pexels-photo-29704459.jpeg?auto=compress&cs=tinysrgb&h=650&w=940
historical_191.jpg,historical,Pexels,https://images.pexels.com/photos/29279977/pexels-photo-29279977.jpeg?auto=compress&cs=tinysrgb&h=650&w=940
historical_192.jpg,historical,Pexels,https://images.pexels.com/photos/34364223/pexels-photo-34364223.jpeg?auto=compress&cs=tinysrgb&h=650&w=940
historical_193.jpg,historical,Pexels,https://images.pexels.com/photos/35044600/pexels-photo-35044600.jpeg?auto=compress&cs=tinysrgb&h=650&w=940
historical_194.jpg,historical,Pexels,https://images.pexels.com/photos/31192308/pexels-photo-31192308.jpeg?auto=compress&cs=tinysrgb&h=650&w=940
historical_195.jpg,historical,Pexels,https://images.pexels.com/photos/19016682/pexels-photo-19016682.jpeg?auto=compress&cs=tinysrgb&h=650&w=940
historical_196.jpg,historical,Pexels,https://images.pexels.com/photos/5845494/pexels-photo-5845494.jpeg?auto=compress&cs=tinysrgb&h=650&w=940
historical_197.jpg,historical,Pexels,https://images.pexels.com/photos/8327163/pexels-photo-8327163.jpeg?auto=compress&cs=tinysrgb&h=650&w=940
historical_198.jpg,historical,Pexels,https://images.pexels.com/photos/31603997/pexels-photo-31603997.jpeg?auto=compress&cs=tinysrgb&h=650&w=940
historical_199.jpg,historical,Pexels,https://images.pexels.com/photos/36664785/pexels-photo-36664785.jpeg?auto=compress&cs=tinysrgb&h=650&w=940
historical_200.jpg,historical,Pexels,https://images.pexels.com/photos/26312004/pexels-photo-26312004.jpeg?auto=compress&cs=tinysrgb&h=650&w=940
skyscraper_001.jpg,skyscraper,Pexels,https://images.pexels.com/photos/20649748/pexels-photo-20649748.jpeg?auto=compress&cs=tinysrgb&h=650&w=940
skyscraper_002.jpg,skyscraper,Pexels,https://images.pexels.com/photos/35429356/pexels-photo-35429356.jpeg?auto=compress&cs=tinysrgb&h=650&w=940
skyscraper_003.jpg,skyscraper,Pexels,https://images.pexels.com/photos/30349799/pexels-photo-30349799.jpeg?auto=compress&cs=tinysrgb&h=650&w=940
skyscraper_004.jpg,skyscraper,Pexels,https://images.pexels.com/photos/35568070/pexels-photo-35568070.jpeg?auto=compress&cs=tinysrgb&h=650&w=940
skyscraper_005.jpg,skyscraper,Pexels,https://images.pexels.com/photos/12564038/pexels-photo-12564038.jpeg?auto=compress&cs=tinysrgb&h=650&w=940
skyscraper_006.jpg,skyscraper,Pexels,https://images.pexels.com/photos/30381144/pexels-photo-30381144.jpeg?auto=compress&cs=tinysrgb&h=650&w=940
skyscraper_007.jpg,skyscraper,Pexels,https://images.pexels.com/photos/11273091/pexels-photo-11273091.jpeg?auto=compress&cs=tinysrgb&h=650&w=940
skyscraper_008.jpg,skyscraper,Pexels,https://images.pexels.com/photos/19698298/pexels-photo-19698298.jpeg?auto=compress&cs=tinysrgb&h=650&w=940
skyscraper_009.jpg,skyscraper,Pexels,https://images.pexels.com/photos/15794793/pexels-photo-15794793.jpeg?auto=compress&cs=tinysrgb&h=650&w=940
skyscraper_010.jpg,skyscraper,Pexels,https://images.pexels.com/photos/13356890/pexels-photo-13356890.jpeg?auto=compress&cs=tinysrgb&h=650&w=940
skyscraper_011.jpg,skyscraper,Pexels,https://images.pexels.com/photos/31529263/pexels-photo-31529263.png?auto=compress&cs=tinysrgb&h=650&w=940
skyscraper_012.jpg,skyscraper,Pexels,https://images.pexels.com/photos/25261407/pexels-photo-25261407.jpeg?auto=compress&cs=tinysrgb&h=650&w=940
skyscraper_013.jpg,skyscraper,Pexels,https://images.pexels.com/photos/32371194/pexels-photo-32371194.jpeg?auto=compress&cs=tinysrgb&h=650&w=940
skyscraper_014.jpg,skyscraper,Pexels,https://images.pexels.com/photos/7721062/pexels-photo-7721062.jpeg?auto=compress&cs=tinysrgb&h=650&w=940
skyscraper_015.jpg,skyscraper,Pexels,https://images.pexels.com/photos/27118631/pexels-photo-27118631.jpeg?auto=compress&cs=tinysrgb&h=650&w=940
skyscraper_016.jpg,skyscraper,Pexels,https://images.pexels.com/photos/20627318/pexels-photo-20627318.jpeg?auto=compress&cs=tinysrgb&h=650&w=940
skyscraper_017.jpg,skyscraper,Pexels,https://images.pexels.com/photos/5517047/pexels-photo-5517047.jpeg?auto=compress&cs=tinysrgb&h=650&w=940
skyscraper_018.jpg,skyscraper,Pexels,https://images.pexels.com/photos/7078873/pexels-photo-7078873.jpeg?auto=compress&cs=tinysrgb&h=650&w=940
skyscraper_019.jpg,skyscraper,Pexels,https://images.pexels.com/photos/28860651/pexels-photo-28860651.jpeg?auto=compress&cs=tinysrgb&h=650&w=940
skyscraper_020.jpg,skyscraper,Pexels,https://images.pexels.com/photos/32065864/pexels-photo-32065864.jpeg?auto=compress&cs=tinysrgb&h=650&w=940
skyscraper_021.jpg,skyscraper,Pexels,https://images.pexels.com/photos/7078869/pexels-photo-7078869.jpeg?auto=compress&cs=tinysrgb&h=650&w=940
skyscraper_022.jpg,skyscraper,Pexels,https://images.pexels.com/photos/35858884/pexels-photo-35858884.jpeg?auto=compress&cs=tinysrgb&h=650&w=940
skyscraper_023.jpg,skyscraper,Pexels,https://images.pexels.com/photos/34024388/pexels-photo-34024388.jpeg?auto=compress&cs=tinysrgb&h=650&w=940
skyscraper_024.jpg,skyscraper,Pexels,https://images.pexels.com/photos/36753234/pexels-photo-36753234.png?auto=compress&cs=tinysrgb&h=650&w=940
skyscraper_025.jpg,skyscraper,Pexels,https://images.pexels.com/photos/29617302/pexels-photo-29617302.jpeg?auto=compress&cs=tinysrgb&h=650&w=940
skyscraper_026.jpg,skyscraper,Pexels,https://images.pexels.com/photos/12836767/pexels-photo-12836767.jpeg?auto=compress&cs=tinysrgb&h=650&w=940
skyscraper_027.jpg,skyscraper,Pexels,https://images.pexels.com/photos/30119266/pexels-photo-30119266.jpeg?auto=compress&cs=tinysrgb&h=650&w=940
skyscraper_028.jpg,skyscraper,Pexels,https://images.pexels.com/photos/21575151/pexels-photo-21575151.jpeg?auto=compress&cs=tinysrgb&h=650&w=940
skyscraper_029.jpg,skyscraper,Pexels,https://images.pexels.com/photos/14241972/pexels-photo-14241972.jpeg?auto=compress&cs=tinysrgb&h=650&w=940
skyscraper_030.jpg,skyscraper,Pexels,https://images.pexels.com/photos/25713800/pexels-photo-25713800.jpeg?auto=compress&cs=tinysrgb&h=650&w=940
skyscraper_031.jpg,skyscraper,Pexels,https://images.pexels.com/photos/12564037/pexels-photo-12564037.jpeg?auto=compress&cs=tinysrgb&h=650&w=940
skyscraper_032.jpg,skyscraper,Pexels,https://images.pexels.com/photos/34982002/pexels-photo-34982002.jpeg?auto=compress&cs=tinysrgb&h=650&w=940
skyscraper_033.jpg,skyscraper,Pexels,https://images.pexels.com/photos/19485474/pexels-photo-19485474.jpeg?auto=compress&cs=tinysrgb&h=650&w=940
skyscraper_034.jpg,skyscraper,Pexels,https://images.pexels.com/photos/17396090/pexels-photo-17396090.jpeg?auto=compress&cs=tinysrgb&h=650&w=940
skyscraper_035.jpg,skyscraper,Pexels,https://images.pexels.com/photos/32644037/pexels-photo-32644037.jpeg?auto=compress&cs=tinysrgb&h=650&w=940
skyscraper_036.jpg,skyscraper,Pexels,https://images.pexels.com/photos/31201085/pexels-photo-31201085.jpeg?auto=compress&cs=tinysrgb&h=650&w=940
skyscraper_037.jpg,skyscraper,Pexels,https://images.pexels.com/photos/31225311/pexels-photo-31225311.jpeg?auto=compress&cs=tinysrgb&h=650&w=940
skyscraper_038.jpg,skyscraper,Pexels,https://images.pexels.com/photos/17415913/pexels-photo-17415913.jpeg?auto=compress&cs=tinysrgb&h=650&w=940
skyscraper_039.jpg,skyscraper,Pexels,https://images.pexels.com/photos/6375130/pexels-photo-6375130.jpeg?auto=compress&cs=tinysrgb&h=650&w=940
skyscraper_040.jpg,skyscraper,Pexels,https://images.pexels.com/photos/14840823/pexels-photo-14840823.jpeg?auto=compress&cs=tinysrgb&h=650&w=940
skyscraper_041.jpg,skyscraper,Pexels,https://images.pexels.com/photos/5847756/pexels-photo-5847756.jpeg?auto=compress&cs=tinysrgb&h=650&w=940
skyscraper_042.jpg,skyscraper,Pexels,https://images.pexels.com/photos/28860649/pexels-photo-28860649.jpeg?auto=compress&cs=tinysrgb&h=650&w=940
skyscraper_043.jpg,skyscraper,Pexels,https://images.pexels.com/photos/4449212/pexels-photo-4449212.jpeg?auto=compress&cs=tinysrgb&h=650&w=940
skyscraper_044.jpg,skyscraper,Pexels,https://images.pexels.com/photos/20854220/pexels-photo-20854220.jpeg?auto=compress&cs=tinysrgb&h=650&w=940
skyscraper_045.jpg,skyscraper,Pexels,https://images.pexels.com/photos/17442662/pexels-photo-17442662.png?auto=compress&cs=tinysrgb&h=650&w=940
skyscraper_046.jpg,skyscraper,Pexels,https://images.pexels.com/photos/13850892/pexels-photo-13850892.jpeg?auto=compress&cs=tinysrgb&h=650&w=940
skyscraper_047.jpg,skyscraper,Pexels,https://images.pexels.com/photos/28897235/pexels-photo-28897235.jpeg?auto=compress&cs=tinysrgb&h=650&w=940
skyscraper_048.jpg,skyscraper,Pexels,https://images.pexels.com/photos/36915284/pexels-photo-36915284.jpeg?auto=compress&cs=tinysrgb&h=650&w=940
skyscraper_049.jpg,skyscraper,Pexels,https://images.pexels.com/photos/31407843/pexels-photo-31407843.jpeg?auto=compress&cs=tinysrgb&h=650&w=940
skyscraper_050.jpg,skyscraper,Pexels,https://images.pexels.com/photos/17119709/pexels-photo-17119709.jpeg?auto=compress&cs=tinysrgb&h=650&w=940
skyscraper_051.jpg,skyscraper,Pexels,https://images.pexels.com/photos/36364357/pexels-photo-36364357.jpeg?auto=compress&cs=tinysrgb&h=650&w=940
skyscraper_052.jpg,skyscraper,Pexels,https://images.pexels.com/photos/18425686/pexels-photo-18425686.jpeg?auto=compress&cs=tinysrgb&h=650&w=940
skyscraper_053.jpg,skyscraper,Pexels,https://images.pexels.com/photos/2295434/pexels-photo-2295434.jpeg?auto=compress&cs=tinysrgb&h=650&w=940
skyscraper_054.jpg,skyscraper,Pexels,https://images.pexels.com/photos/33463498/pexels-photo-33463498.jpeg?auto=compress&cs=tinysrgb&h=650&w=940
skyscraper_055.jpg,skyscraper,Pexels,https://images.pexels.com/photos/35771520/pexels-photo-35771520.jpeg?auto=compress&cs=tinysrgb&h=650&w=940
skyscraper_056.jpg,skyscraper,Pexels,https://images.pexels.com/photos/34218532/pexels-photo-34218532.jpeg?auto=compress&cs=tinysrgb&h=650&w=940
skyscraper_057.jpg,skyscraper,Pexels,https://images.pexels.com/photos/34657388/pexels-photo-34657388.jpeg?auto=compress&cs=tinysrgb&h=650&w=940
skyscraper_058.jpg,skyscraper,Pexels,https://images.pexels.com/photos/5847753/pexels-photo-5847753.jpeg?auto=compress&cs=tinysrgb&h=650&w=940
skyscraper_059.jpg,skyscraper,Pexels,https://images.pexels.com/photos/19821195/pexels-photo-19821195.jpeg?auto=compress&cs=tinysrgb&h=650&w=940
skyscraper_060.jpg,skyscraper,Pexels,https://images.pexels.com/photos/19821189/pexels-photo-19821189.jpeg?auto=compress&cs=tinysrgb&h=650&w=940
skyscraper_061.jpg,skyscraper,Pexels,https://images.pexels.com/photos/24589325/pexels-photo-24589325.jpeg?auto=compress&cs=tinysrgb&h=650&w=940
skyscraper_062.jpg,skyscraper,Pexels,https://images.pexels.com/photos/18266303/pexels-photo-18266303.jpeg?auto=compress&cs=tinysrgb&h=650&w=940
skyscraper_063.jpg,skyscraper,Pexels,https://images.pexels.com/photos/14230196/pexels-photo-14230196.jpeg?auto=compress&cs=tinysrgb&h=650&w=940
skyscraper_064.jpg,skyscraper,Pexels,https://images.pexels.com/photos/11734158/pexels-photo-11734158.jpeg?auto=compress&cs=tinysrgb&h=650&w=940
skyscraper_065.jpg,skyscraper,Pexels,https://images.pexels.com/photos/775232/pexels-photo-775232.jpeg?auto=compress&cs=tinysrgb&h=650&w=940
skyscraper_066.jpg,skyscraper,Pexels,https://images.pexels.com/photos/5664918/pexels-photo-5664918.jpeg?auto=compress&cs=tinysrgb&h=650&w=940
skyscraper_067.jpg,skyscraper,Pexels,https://images.pexels.com/photos/4449214/pexels-photo-4449214.jpeg?auto=compress&cs=tinysrgb&h=650&w=940
skyscraper_068.jpg,skyscraper,Pexels,https://images.pexels.com/photos/5961037/pexels-photo-5961037.jpeg?auto=compress&cs=tinysrgb&h=650&w=940
skyscraper_069.jpg,skyscraper,Pexels,https://images.pexels.com/photos/37121551/pexels-photo-37121551.jpeg?auto=compress&cs=tinysrgb&h=650&w=940
skyscraper_070.jpg,skyscraper,Pexels,https://images.pexels.com/photos/7721059/pexels-photo-7721059.jpeg?auto=compress&cs=tinysrgb&h=650&w=940
skyscraper_071.jpg,skyscraper,Pexels,https://images.pexels.com/photos/26821663/pexels-photo-26821663.jpeg?auto=compress&cs=tinysrgb&h=650&w=940
skyscraper_072.jpg,skyscraper,Pexels,https://images.pexels.com/photos/27573802/pexels-photo-27573802.jpeg?auto=compress&cs=tinysrgb&h=650&w=940
skyscraper_073.jpg,skyscraper,Pexels,https://images.pexels.com/photos/28181117/pexels-photo-28181117.jpeg?auto=compress&cs=tinysrgb&h=650&w=940
skyscraper_074.jpg,skyscraper,Pexels,https://images.pexels.com/photos/5357797/pexels-photo-5357797.jpeg?auto=compress&cs=tinysrgb&h=650&w=940
skyscraper_075.jpg,skyscraper,Pexels,https://images.pexels.com/photos/34362361/pexels-photo-34362361.jpeg?auto=compress&cs=tinysrgb&h=650&w=940
skyscraper_076.jpg,skyscraper,Pexels,https://images.pexels.com/photos/19044676/pexels-photo-19044676.jpeg?auto=compress&cs=tinysrgb&h=650&w=940
skyscraper_077.jpg,skyscraper,Pexels,https://images.pexels.com/photos/12044162/pexels-photo-12044162.jpeg?auto=compress&cs=tinysrgb&h=650&w=940
skyscraper_078.jpg,skyscraper,Pexels,https://images.pexels.com/photos/35776760/pexels-photo-35776760.jpeg?auto=compress&cs=tinysrgb&h=650&w=940
skyscraper_079.jpg,skyscraper,Pexels,https://images.pexels.com/photos/10485168/pexels-photo-10485168.jpeg?auto=compress&cs=tinysrgb&h=650&w=940
skyscraper_080.jpg,skyscraper,Pexels,https://images.pexels.com/photos/5362096/pexels-photo-5362096.jpeg?auto=compress&cs=tinysrgb&h=650&w=940
skyscraper_081.jpg,skyscraper,Pexels,https://images.pexels.com/photos/34362361/pexels-photo-34362361.jpeg?auto=compress&cs=tinysrgb&h=650&w=940
skyscraper_082.jpg,skyscraper,Pexels,https://images.pexels.com/photos/5362096/pexels-photo-5362096.jpeg?auto=compress&cs=tinysrgb&h=650&w=940
skyscraper_083.jpg,skyscraper,Pexels,https://images.pexels.com/photos/35336843/pexels-photo-35336843.jpeg?auto=compress&cs=tinysrgb&h=650&w=940
skyscraper_084.jpg,skyscraper,Pexels,https://images.pexels.com/photos/35776760/pexels-photo-35776760.jpeg?auto=compress&cs=tinysrgb&h=650&w=940
skyscraper_085.jpg,skyscraper,Pexels,https://images.pexels.com/photos/31710868/pexels-photo-31710868.jpeg?auto=compress&cs=tinysrgb&h=650&w=940
skyscraper_086.jpg,skyscraper,Pexels,https://images.pexels.com/photos/12484072/pexels-photo-12484072.jpeg?auto=compress&cs=tinysrgb&h=650&w=940
skyscraper_087.jpg,skyscraper,Pexels,https://images.pexels.com/photos/19847263/pexels-photo-19847263.jpeg?auto=compress&cs=tinysrgb&h=650&w=940
skyscraper_088.jpg,skyscraper,Pexels,https://images.pexels.com/photos/36416042/pexels-photo-36416042.jpeg?auto=compress&cs=tinysrgb&h=650&w=940
skyscraper_089.jpg,skyscraper,Pexels,https://images.pexels.com/photos/10485168/pexels-photo-10485168.jpeg?auto=compress&cs=tinysrgb&h=650&w=940
skyscraper_090.jpg,skyscraper,Pexels,https://images.pexels.com/photos/25490491/pexels-photo-25490491.jpeg?auto=compress&cs=tinysrgb&h=650&w=940
skyscraper_091.jpg,skyscraper,Pexels,https://images.pexels.com/photos/19614198/pexels-photo-19614198.jpeg?auto=compress&cs=tinysrgb&h=650&w=940
skyscraper_092.jpg,skyscraper,Pexels,https://images.pexels.com/photos/23910639/pexels-photo-23910639.jpeg?auto=compress&cs=tinysrgb&h=650&w=940
skyscraper_093.jpg,skyscraper,Pexels,https://images.pexels.com/photos/27966465/pexels-photo-27966465.jpeg?auto=compress&cs=tinysrgb&h=650&w=940
skyscraper_094.jpg,skyscraper,Pexels,https://images.pexels.com/photos/31178859/pexels-photo-31178859.jpeg?auto=compress&cs=tinysrgb&h=650&w=940
skyscraper_095.jpg,skyscraper,Pexels,https://images.pexels.com/photos/29617295/pexels-photo-29617295.jpeg?auto=compress&cs=tinysrgb&h=650&w=940
skyscraper_096.jpg,skyscraper,Pexels,https://images.pexels.com/photos/29032777/pexels-photo-29032777.jpeg?auto=compress&cs=tinysrgb&h=650&w=940
skyscraper_097.jpg,skyscraper,Pexels,https://images.pexels.com/photos/34874717/pexels-photo-34874717.jpeg?auto=compress&cs=tinysrgb&h=650&w=940
skyscraper_098.jpg,skyscraper,Pexels,https://images.pexels.com/photos/12511175/pexels-photo-12511175.jpeg?auto=compress&cs=tinysrgb&h=650&w=940
skyscraper_099.jpg,skyscraper,Pexels,https://images.pexels.com/photos/6177525/pexels-photo-6177525.jpeg?auto=compress&cs=tinysrgb&h=650&w=940
skyscraper_100.jpg,skyscraper,Pexels,https://images.pexels.com/photos/9170387/pexels-photo-9170387.jpeg?auto=compress&cs=tinysrgb&h=650&w=940
skyscraper_101.jpg,skyscraper,Pexels,https://images.pexels.com/photos/17486920/pexels-photo-17486920.jpeg?auto=compress&cs=tinysrgb&h=650&w=940
skyscraper_102.jpg,skyscraper,Pexels,https://images.pexels.com/photos/18128944/pexels-photo-18128944.jpeg?auto=compress&cs=tinysrgb&h=650&w=940
skyscraper_103.jpg,skyscraper,Pexels,https://images.pexels.com/photos/36364352/pexels-photo-36364352.jpeg?auto=compress&cs=tinysrgb&h=650&w=940
skyscraper_104.jpg,skyscraper,Pexels,https://images.pexels.com/photos/13695347/pexels-photo-13695347.jpeg?auto=compress&cs=tinysrgb&h=650&w=940
skyscraper_105.jpg,skyscraper,Pexels,https://images.pexels.com/photos/17255718/pexels-photo-17255718.jpeg?auto=compress&cs=tinysrgb&h=650&w=940
skyscraper_106.jpg,skyscraper,Pexels,https://images.pexels.com/photos/2157272/pexels-photo-2157272.jpeg?auto=compress&cs=tinysrgb&h=650&w=940
skyscraper_107.jpg,skyscraper,Pexels,https://images.pexels.com/photos/18450637/pexels-photo-18450637.jpeg?auto=compress&cs=tinysrgb&h=650&w=940
skyscraper_108.jpg,skyscraper,Pexels,https://images.pexels.com/photos/30312391/pexels-photo-30312391.jpeg?auto=compress&cs=tinysrgb&h=650&w=940
skyscraper_109.jpg,skyscraper,Pexels,https://images.pexels.com/photos/14242025/pexels-photo-14242025.jpeg?auto=compress&cs=tinysrgb&h=650&w=940
skyscraper_110.jpg,skyscraper,Pexels,https://images.pexels.com/photos/13762655/pexels-photo-13762655.jpeg?auto=compress&cs=tinysrgb&h=650&w=940
skyscraper_111.jpg,skyscraper,Pexels,https://images.pexels.com/photos/27135594/pexels-photo-27135594.jpeg?auto=compress&cs=tinysrgb&h=650&w=940
skyscraper_112.jpg,skyscraper,Pexels,https://images.pexels.com/photos/12162235/pexels-photo-12162235.jpeg?auto=compress&cs=tinysrgb&h=650&w=940
skyscraper_113.jpg,skyscraper,Pexels,https://images.pexels.com/photos/31710854/pexels-photo-31710854.jpeg?auto=compress&cs=tinysrgb&h=650&w=940
skyscraper_114.jpg,skyscraper,Pexels,https://images.pexels.com/photos/34533542/pexels-photo-34533542.jpeg?auto=compress&cs=tinysrgb&h=650&w=940
skyscraper_115.jpg,skyscraper,Pexels,https://images.pexels.com/photos/7078863/pexels-photo-7078863.jpeg?auto=compress&cs=tinysrgb&h=650&w=940
skyscraper_116.jpg,skyscraper,Pexels,https://images.pexels.com/photos/17119707/pexels-photo-17119707.jpeg?auto=compress&cs=tinysrgb&h=650&w=940
skyscraper_117.jpg,skyscraper,Pexels,https://images.pexels.com/photos/25409066/pexels-photo-25409066.jpeg?auto=compress&cs=tinysrgb&h=650&w=940
skyscraper_118.jpg,skyscraper,Pexels,https://images.pexels.com/photos/30864781/pexels-photo-30864781.jpeg?auto=compress&cs=tinysrgb&h=650&w=940
skyscraper_119.jpg,skyscraper,Pexels,https://images.pexels.com/photos/5312235/pexels-photo-5312235.jpeg?auto=compress&cs=tinysrgb&h=650&w=940
skyscraper_120.jpg,skyscraper,Pexels,https://images.pexels.com/photos/35472345/pexels-photo-35472345.jpeg?auto=compress&cs=tinysrgb&h=650&w=940
skyscraper_121.jpg,skyscraper,Pexels,https://images.pexels.com/photos/12483945/pexels-photo-12483945.jpeg?auto=compress&cs=tinysrgb&h=650&w=940
skyscraper_122.jpg,skyscraper,Pexels,https://images.pexels.com/photos/5075796/pexels-photo-5075796.jpeg?auto=compress&cs=tinysrgb&h=650&w=940
skyscraper_123.jpg,skyscraper,Pexels,https://images.pexels.com/photos/35787530/pexels-photo-35787530.jpeg?auto=compress&cs=tinysrgb&h=650&w=940
skyscraper_124.jpg,skyscraper,Pexels,https://images.pexels.com/photos/15192276/pexels-photo-15192276.jpeg?auto=compress&cs=tinysrgb&h=650&w=940
skyscraper_125.jpg,skyscraper,Pexels,https://images.pexels.com/photos/18325909/pexels-photo-18325909.jpeg?auto=compress&cs=tinysrgb&h=650&w=940
skyscraper_126.jpg,skyscraper,Pexels,https://images.pexels.com/photos/35082851/pexels-photo-35082851.jpeg?auto=compress&cs=tinysrgb&h=650&w=940
skyscraper_127.jpg,skyscraper,Pexels,https://images.pexels.com/photos/25533700/pexels-photo-25533700.jpeg?auto=compress&cs=tinysrgb&h=650&w=940
skyscraper_128.jpg,skyscraper,Pexels,https://images.pexels.com/photos/1682852/pexels-photo-1682852.jpeg?auto=compress&cs=tinysrgb&h=650&w=940
skyscraper_129.jpg,skyscraper,Pexels,https://images.pexels.com/photos/1759478/pexels-photo-1759478.jpeg?auto=compress&cs=tinysrgb&h=650&w=940
skyscraper_130.jpg,skyscraper,Pexels,https://images.pexels.com/photos/12870210/pexels-photo-12870210.jpeg?auto=compress&cs=tinysrgb&h=650&w=940
skyscraper_131.jpg,skyscraper,Pexels,https://images.pexels.com/photos/11347366/pexels-photo-11347366.jpeg?auto=compress&cs=tinysrgb&h=650&w=940
skyscraper_132.jpg,skyscraper,Pexels,https://images.pexels.com/photos/36934089/pexels-photo-36934089.jpeg?auto=compress&cs=tinysrgb&h=650&w=940
skyscraper_133.jpg,skyscraper,Pexels,https://images.pexels.com/photos/1274850/pexels-photo-1274850.jpeg?auto=compress&cs=tinysrgb&h=650&w=940
skyscraper_134.jpg,skyscraper,Pexels,https://images.pexels.com/photos/30013626/pexels-photo-30013626.jpeg?auto=compress&cs=tinysrgb&h=650&w=940
skyscraper_135.jpg,skyscraper,Pexels,https://images.pexels.com/photos/27127206/pexels-photo-27127206.jpeg?auto=compress&cs=tinysrgb&h=650&w=940
skyscraper_136.jpg,skyscraper,Pexels,https://images.pexels.com/photos/36897345/pexels-photo-36897345.jpeg?auto=compress&cs=tinysrgb&h=650&w=940
skyscraper_137.jpg,skyscraper,Pexels,https://images.pexels.com/photos/11799771/pexels-photo-11799771.jpeg?auto=compress&cs=tinysrgb&h=650&w=940
skyscraper_138.jpg,skyscraper,Pexels,https://images.pexels.com/photos/29560581/pexels-photo-29560581.jpeg?auto=compress&cs=tinysrgb&h=650&w=940
skyscraper_139.jpg,skyscraper,Pexels,https://images.pexels.com/photos/31710856/pexels-photo-31710856.jpeg?auto=compress&cs=tinysrgb&h=650&w=940
skyscraper_140.jpg,skyscraper,Pexels,https://images.pexels.com/photos/15706564/pexels-photo-15706564.jpeg?auto=compress&cs=tinysrgb&h=650&w=940
skyscraper_141.jpg,skyscraper,Pexels,https://images.pexels.com/photos/5362098/pexels-photo-5362098.jpeg?auto=compress&cs=tinysrgb&h=650&w=940
skyscraper_142.jpg,skyscraper,Pexels,https://images.pexels.com/photos/31846784/pexels-photo-31846784.jpeg?auto=compress&cs=tinysrgb&h=650&w=940
skyscraper_143.jpg,skyscraper,Pexels,https://images.pexels.com/photos/16142972/pexels-photo-16142972.jpeg?auto=compress&cs=tinysrgb&h=650&w=940
skyscraper_144.jpg,skyscraper,Pexels,https://images.pexels.com/photos/31710870/pexels-photo-31710870.jpeg?auto=compress&cs=tinysrgb&h=650&w=940
skyscraper_145.jpg,skyscraper,Pexels,https://images.pexels.com/photos/36244027/pexels-photo-36244027.jpeg?auto=compress&cs=tinysrgb&h=650&w=940
skyscraper_146.jpg,skyscraper,Pexels,https://images.pexels.com/photos/7817328/pexels-photo-7817328.jpeg?auto=compress&cs=tinysrgb&h=650&w=940
skyscraper_147.jpg,skyscraper,Pexels,https://images.pexels.com/photos/17082165/pexels-photo-17082165.jpeg?auto=compress&cs=tinysrgb&h=650&w=940
skyscraper_148.jpg,skyscraper,Pexels,https://images.pexels.com/photos/28832655/pexels-photo-28832655.jpeg?auto=compress&cs=tinysrgb&h=650&w=940
skyscraper_149.jpg,skyscraper,Pexels,https://images.pexels.com/photos/33234794/pexels-photo-33234794.jpeg?auto=compress&cs=tinysrgb&h=650&w=940
skyscraper_150.jpg,skyscraper,Pexels,https://images.pexels.com/photos/17398143/pexels-photo-17398143.jpeg?auto=compress&cs=tinysrgb&h=650&w=940
skyscraper_151.jpg,skyscraper,Pexels,https://images.pexels.com/photos/31798941/pexels-photo-31798941.jpeg?auto=compress&cs=tinysrgb&h=650&w=940
skyscraper_152.jpg,skyscraper,Pexels,https://images.pexels.com/photos/11273090/pexels-photo-11273090.jpeg?auto=compress&cs=tinysrgb&h=650&w=940
skyscraper_153.jpg,skyscraper,Pexels,https://images.pexels.com/photos/34468477/pexels-photo-34468477.jpeg?auto=compress&cs=tinysrgb&h=650&w=940
skyscraper_154.jpg,skyscraper,Pexels,https://images.pexels.com/photos/17082171/pexels-photo-17082171.jpeg?auto=compress&cs=tinysrgb&h=650&w=940
skyscraper_155.jpg,skyscraper,Pexels,https://images.pexels.com/photos/28860647/pexels-photo-28860647.jpeg?auto=compress&cs=tinysrgb&h=650&w=940
skyscraper_156.jpg,skyscraper,Pexels,https://images.pexels.com/photos/37089574/pexels-photo-37089574.jpeg?auto=compress&cs=tinysrgb&h=650&w=940
skyscraper_157.jpg,skyscraper,Pexels,https://images.pexels.com/photos/5396577/pexels-photo-5396577.jpeg?auto=compress&cs=tinysrgb&h=650&w=940
skyscraper_158.jpg,skyscraper,Pexels,https://images.pexels.com/photos/37189973/pexels-photo-37189973.png?auto=compress&cs=tinysrgb&h=650&w=940
skyscraper_159.jpg,skyscraper,Pexels,https://images.pexels.com/photos/17847142/pexels-photo-17847142.jpeg?auto=compress&cs=tinysrgb&h=650&w=940
skyscraper_160.jpg,skyscraper,Pexels,https://images.pexels.com/photos/31710866/pexels-photo-31710866.jpeg?auto=compress&cs=tinysrgb&h=650&w=940
skyscraper_161.jpg,skyscraper,Pexels,https://images.pexels.com/photos/17077395/pexels-photo-17077395.jpeg?auto=compress&cs=tinysrgb&h=650&w=940
skyscraper_162.jpg,skyscraper,Pexels,https://images.pexels.com/photos/5396577/pexels-photo-5396577.jpeg?auto=compress&cs=tinysrgb&h=650&w=940
skyscraper_163.jpg,skyscraper,Pexels,https://images.pexels.com/photos/15707611/pexels-photo-15707611.jpeg?auto=compress&cs=tinysrgb&h=650&w=940
skyscraper_164.jpg,skyscraper,Pexels,https://images.pexels.com/photos/17847142/pexels-photo-17847142.jpeg?auto=compress&cs=tinysrgb&h=650&w=940
skyscraper_165.jpg,skyscraper,Pexels,https://images.pexels.com/photos/14840821/pexels-photo-14840821.jpeg?auto=compress&cs=tinysrgb&h=650&w=940
skyscraper_166.jpg,skyscraper,Pexels,https://images.pexels.com/photos/4449213/pexels-photo-4449213.jpeg?auto=compress&cs=tinysrgb&h=650&w=940
skyscraper_167.jpg,skyscraper,Pexels,https://images.pexels.com/photos/20649753/pexels-photo-20649753.jpeg?auto=compress&cs=tinysrgb&h=650&w=940
skyscraper_168.jpg,skyscraper,Pexels,https://images.pexels.com/photos/34625980/pexels-photo-34625980.jpeg?auto=compress&cs=tinysrgb&h=650&w=940
skyscraper_169.jpg,skyscraper,Pexels,https://images.pexels.com/photos/31563833/pexels-photo-31563833.jpeg?auto=compress&cs=tinysrgb&h=650&w=940
skyscraper_170.jpg,skyscraper,Pexels,https://images.pexels.com/photos/36054601/pexels-photo-36054601.jpeg?auto=compress&cs=tinysrgb&h=650&w=940
skyscraper_171.jpg,skyscraper,Pexels,https://images.pexels.com/photos/30007727/pexels-photo-30007727.jpeg?auto=compress&cs=tinysrgb&h=650&w=940
skyscraper_172.jpg,skyscraper,Pexels,https://images.pexels.com/photos/12670793/pexels-photo-12670793.jpeg?auto=compress&cs=tinysrgb&h=650&w=940
skyscraper_173.jpg,skyscraper,Pexels,https://images.pexels.com/photos/25951135/pexels-photo-25951135.jpeg?auto=compress&cs=tinysrgb&h=650&w=940
skyscraper_174.jpg,skyscraper,Pexels,https://images.pexels.com/photos/32609767/pexels-photo-32609767.jpeg?auto=compress&cs=tinysrgb&h=650&w=940
skyscraper_175.jpg,skyscraper,Pexels,https://images.pexels.com/photos/34565812/pexels-photo-34565812.jpeg?auto=compress&cs=tinysrgb&h=650&w=940
skyscraper_176.jpg,skyscraper,Pexels,https://images.pexels.com/photos/5650629/pexels-photo-5650629.jpeg?auto=compress&cs=tinysrgb&h=650&w=940
skyscraper_177.jpg,skyscraper,Pexels,https://images.pexels.com/photos/12172768/pexels-photo-12172768.jpeg?auto=compress&cs=tinysrgb&h=650&w=940
skyscraper_178.jpg,skyscraper,Pexels,https://images.pexels.com/photos/7245368/pexels-photo-7245368.jpeg?auto=compress&cs=tinysrgb&h=650&w=940
skyscraper_179.jpg,skyscraper,Pexels,https://images.pexels.com/photos/30950127/pexels-photo-30950127.jpeg?auto=compress&cs=tinysrgb&h=650&w=940
skyscraper_180.jpg,skyscraper,Pexels,https://images.pexels.com/photos/17091145/pexels-photo-17091145.jpeg?auto=compress&cs=tinysrgb&h=650&w=940
skyscraper_181.jpg,skyscraper,Pexels,https://images.pexels.com/photos/30171545/pexels-photo-30171545.jpeg?auto=compress&cs=tinysrgb&h=650&w=940
skyscraper_182.jpg,skyscraper,Pexels,https://images.pexels.com/photos/34415525/pexels-photo-34415525.jpeg?auto=compress&cs=tinysrgb&h=650&w=940
skyscraper_183.jpg,skyscraper,Pexels,https://images.pexels.com/photos/5847340/pexels-photo-5847340.jpeg?auto=compress&cs=tinysrgb&h=650&w=940
skyscraper_184.jpg,skyscraper,Pexels,https://images.pexels.com/photos/10172576/pexels-photo-10172576.jpeg?auto=compress&cs=tinysrgb&h=650&w=940
skyscraper_185.jpg,skyscraper,Pexels,https://images.pexels.com/photos/35158329/pexels-photo-35158329.jpeg?auto=compress&cs=tinysrgb&h=650&w=940
skyscraper_186.jpg,skyscraper,Pexels,https://images.pexels.com/photos/2844316/pexels-photo-2844316.jpeg?auto=compress&cs=tinysrgb&h=650&w=940
skyscraper_187.jpg,skyscraper,Pexels,https://images.pexels.com/photos/1980720/pexels-photo-1980720.jpeg?auto=compress&cs=tinysrgb&h=650&w=940
skyscraper_188.jpg,skyscraper,Pexels,https://images.pexels.com/photos/21934895/pexels-photo-21934895.jpeg?auto=compress&cs=tinysrgb&h=650&w=940
skyscraper_189.jpg,skyscraper,Pexels,https://images.pexels.com/photos/2846869/pexels-photo-2846869.jpeg?auto=compress&cs=tinysrgb&h=650&w=940
skyscraper_190.jpg,skyscraper,Pexels,https://images.pexels.com/photos/18880551/pexels-photo-18880551.jpeg?auto=compress&cs=tinysrgb&h=650&w=940
skyscraper_191.jpg,skyscraper,Pexels,https://images.pexels.com/photos/12891222/pexels-photo-12891222.jpeg?auto=compress&cs=tinysrgb&h=650&w=940
skyscraper_192.jpg,skyscraper,Pexels,https://images.pexels.com/photos/3698011/pexels-photo-3698011.jpeg?auto=compress&cs=tinysrgb&h=650&w=940
skyscraper_193.jpg,skyscraper,Pexels,https://images.pexels.com/photos/8402454/pexels-photo-8402454.jpeg?auto=compress&cs=tinysrgb&h=650&w=940
skyscraper_194.jpg,skyscraper,Pexels,https://images.pexels.com/photos/31710877/pexels-photo-31710877.jpeg?auto=compress&cs=tinysrgb&h=650&w=940
skyscraper_195.jpg,skyscraper,Pexels,https://images.pexels.com/photos/31710878/pexels-photo-31710878.jpeg?auto=compress&cs=tinysrgb&h=650&w=940
skyscraper_196.jpg,skyscraper,Pexels,https://images.pexels.com/photos/17377516/pexels-photo-17377516.jpeg?auto=compress&cs=tinysrgb&h=650&w=940
skyscraper_197.jpg,skyscraper,Pexels,https://images.pexels.com/photos/32922189/pexels-photo-32922189.jpeg?auto=compress&cs=tinysrgb&h=650&w=940
skyscraper_198.jpg,skyscraper,Pexels,https://images.pexels.com/photos/5548165/pexels-photo-5548165.jpeg?auto=compress&cs=tinysrgb&h=650&w=940
skyscraper_199.jpg,skyscraper,Pexels,https://images.pexels.com/photos/9195025/pexels-photo-9195025.jpeg?auto=compress&cs=tinysrgb&h=650&w=940
skyscraper_200.jpg,skyscraper,Pexels,https://images.pexels.com/photos/34124350/pexels-photo-34124350.jpeg?auto=compress&cs=tinysrgb&h=650&w=940
